"dpid","EmriPartise","Data","nrLike","nrReaction","nrKomente","nrShare","nrPosteve","koalicionet"
"497","drejtesiaofficial","2017-05-31","256","257","12","33","4",""
"498","AlternativaKosova","2017-05-31","482","484","6","11","6",""
"499","LidhjaDemokratikeeKosovesOFFICIAL","2017-05-31","4544","4559","68","93","10",""
"500","Aleanca.Official","2017-05-31","605","610","5","0","4",""
"501","aleancakosovaere","2017-05-31","2345","2355","37","47","16",""
"502","vetevendosje","2017-05-31","14962","16479","5190","1464","4",""
"503","PDKqender","2017-05-31","1124","1129","9","60","4",""
"504","nismaperkosoven.official","2017-05-31","50","50","4","0","1",""
"505","Aleanca.Official","2017-05-30","1616","1633","48","177","7",""
"506","aleancakosovaere","2017-05-30","1347","1355","32","49","12",""
"507","AlternativaKosova","2017-05-30","847","852","13","8","7",""
"508","nismaperkosoven.official","2017-05-30","497","498","12","20","7",""
"509","PDKqender","2017-05-30","493","494","2","0","2",""
"510","vetevendosje","2017-05-30","9941","11268","6240","835","4",""
"511","drejtesiaofficial","2017-05-30","0","0","0","0","0",""
"512","LidhjaDemokratikeeKosovesOFFICIAL","2017-05-30","3406","3414","54","39","1",""
"513","Aleanca.Official","2017-05-29","687","692","3","5","6",""
"514","aleancakosovaere","2017-05-29","1549","1564","50","30","10",""
"515","AlternativaKosova","2017-05-29","1098","1106","28","19","10",""
"516","drejtesiaofficial","2017-05-29","37","37","0","2","1",""
"517","LidhjaDemokratikeeKosovesOFFICIAL","2017-05-29","2367","2533","340","186","4",""
"518","nismaperkosoven.official","2017-05-29","545","545","4","20","8",""
"519","PDKqender","2017-05-29","354","356","4","0","1",""
"520","vetevendosje","2017-05-29","9015","9359","1218","1300","3",""
"521","Aleanca.Official","2017-05-28","338","342","0","0","3",""
"522","aleancakosovaere","2017-05-28","1828","1840","35","67","11",""
"523","AlternativaKosova","2017-05-28","61","61","0","1","1",""
"524","LidhjaDemokratikeeKosovesOFFICIAL","2017-05-28","486","492","6","0","1",""
"525","nismaperkosoven.official","2017-05-28","461","461","3","10","5",""
"526","PDKqender","2017-05-28","283","285","2","0","1",""
"527","vetevendosje","2017-05-28","9671","10528","3326","595","3",""
"528","drejtesiaofficial","2017-05-28","0","0","0","0","0",""
"529","Aleanca.Official","2017-05-27","574","577","4","0","3",""
"530","aleancakosovaere","2017-05-27","3603","3643","59","124","10",""
"531","AlternativaKosova","2017-05-27","247","248","1","0","1",""
"532","LidhjaDemokratikeeKosovesOFFICIAL","2017-05-27","694","700","11","0","3",""
"533","nismaperkosoven.official","2017-05-27","152","154","1","0","4",""
"534","PDKqender","2017-05-27","853","855","21","0","3",""
"535","vetevendosje","2017-05-27","13248","13797","1678","804","6",""
"536","drejtesiaofficial","2017-05-27","0","0","0","0","0",""
"537","Aleanca.Official","2017-05-26","1665","1668","14","35","8",""
"538","aleancakosovaere","2017-05-26","3912","3982","465","132","16",""
"539","AlternativaKosova","2017-05-26","433","433","4","6","4",""
"540","drejtesiaofficial","2017-05-26","160","161","1","26","3",""
"541","LidhjaDemokratikeeKosovesOFFICIAL","2017-05-26","5286","5305","111","161","6",""
"542","nismaperkosoven.official","2017-05-26","338","343","13","13","5",""
"543","PDKqender","2017-05-26","789","791","11","0","2",""
"544","vetevendosje","2017-05-26","7429","7596","702","198","5",""
"545","Aleanca.Official","2017-05-25","1169","1174","7","9","4",""
"546","aleancakosovaere","2017-05-25","2021","2043","73","44","10",""
"547","AlternativaKosova","2017-05-25","479","473","5","14","7",""
"548","drejtesiaofficial","2017-05-25","113","114","7","21","2",""
"549","LidhjaDemokratikeeKosovesOFFICIAL","2017-05-25","1048","1051","14","11","2",""
"550","nismaperkosoven.official","2017-05-25","418","419","4","7","3",""
"551","PDKqender","2017-05-25","1344","1348","16","23","4",""
"552","vetevendosje","2017-05-25","7912","8279","1479","544","5",""
"553","Aleanca.Official","2017-05-24","1555","1564","19","27","6",""
"554","aleancakosovaere","2017-05-24","986","990","11","24","6",""
"555","AlternativaKosova","2017-05-24","297","301","1","9","3",""
"556","drejtesiaofficial","2017-05-24","56","56","1","9","1",""
"557","LidhjaDemokratikeeKosovesOFFICIAL","2017-05-24","3401","3413","46","42","3",""
"558","nismaperkosoven.official","2017-05-24","605","608","17","23","6",""
"559","PDKqender","2017-05-24","583","583","2","0","2",""
"560","vetevendosje","2017-05-24","5627","5936","1911","299","4",""
"561","Aleanca.Official","2017-05-23","879","887","19","41","4",""
"562","aleancakosovaere","2017-05-23","560","565","11","0","1",""
"563","AlternativaKosova","2017-05-23","141","141","1","2","2",""
"564","drejtesiaofficial","2017-05-23","56","56","1","8","2",""
"565","LidhjaDemokratikeeKosovesOFFICIAL","2017-05-23","3045","3055","40","16","7",""
"566","nismaperkosoven.official","2017-05-23","854","855","15","25","7",""
"567","vetevendosje","2017-05-23","5280","5474","1239","266","4",""
"568","PDKqender","2017-05-23","0","0","0","0","0",""
"569","Aleanca.Official","2017-05-22","907","912","4","25","5",""
"570","aleancakosovaere","2017-05-22","890","901","11","11","7",""
"571","AlternativaKosova","2017-05-22","134","135","9","7","1",""
"572","LidhjaDemokratikeeKosovesOFFICIAL","2017-05-22","5976","6013","224","145","8",""
"573","nismaperkosoven.official","2017-05-22","200","201","4","27","1",""
"574","PDKqender","2017-05-22","5624","6241","1443","455","3",""
"575","vetevendosje","2017-05-22","4356","4436","125","73","3",""
"576","drejtesiaofficial","2017-05-22","0","0","0","0","0",""
"577","Aleanca.Official","2017-05-21","1852","1858","42","49","6",""
"578","aleancakosovaere","2017-05-21","345","346","8","2","2",""
"579","AlternativaKosova","2017-05-21","334","338","12","3","1",""
"580","drejtesiaofficial","2017-05-21","47","47","1","2","1",""
"581","LidhjaDemokratikeeKosovesOFFICIAL","2017-05-21","6999","7036","62","190","13",""
"582","nismaperkosoven.official","2017-05-21","266","270","10","13","2",""
"583","PDKqender","2017-05-21","363","376","34","61","1",""
"584","vetevendosje","2017-05-21","14859","16164","4358","1328","4",""
"585","aleancakosovaere","2017-05-20","545","550","15","4","4",""
"586","AlternativaKosova","2017-05-20","923","935","126","20","6",""
"587","drejtesiaofficial","2017-05-20","61","61","8","6","1",""
"588","LidhjaDemokratikeeKosovesOFFICIAL","2017-05-20","1319","1321","12","38","5",""
"589","nismaperkosoven.official","2017-05-20","901","927","53","101","5",""
"590","PDKqender","2017-05-20","444","448","7","0","1",""
"591","vetevendosje","2017-05-20","3803","3984","80","200","1",""
"592","Aleanca.Official","2017-05-20","0","0","0","0","0",""
"593","Aleanca.Official","2017-05-19","1169","1184","74","33","3",""
"594","aleancakosovaere","2017-05-19","1012","1019","34","7","4",""
"595","AlternativaKosova","2017-05-19","258","261","11","11","2",""
"596","drejtesiaofficial","2017-05-19","11","12","0","1","1",""
"597","LidhjaDemokratikeeKosovesOFFICIAL","2017-05-19","3697","3831","69","110","12",""
"598","nismaperkosoven.official","2017-05-19","515","517","25","24","5",""
"599","vetevendosje","2017-05-19","9973","10105","415","437","5",""
"600","PDKqender","2017-05-19","0","0","0","0","0",""
"601","Aleanca.Official","2017-05-18","1975","1980","28","49","4",""
"602","aleancakosovaere","2017-05-18","1266","1273","66","18","5",""
"603","AlternativaKosova","2017-05-18","164","164","6","8","1",""
"604","LidhjaDemokratikeeKosovesOFFICIAL","2017-05-18","7920","7955","97","114","12",""
"605","nismaperkosoven.official","2017-05-18","750","752","24","89","4",""
"606","PDKqender","2017-05-18","1400","1419","166","17","3",""
"607","vetevendosje","2017-05-18","31812","32756","2707","2394","6",""
"608","drejtesiaofficial","2017-05-18","0","0","0","0","0",""
"609","Aleanca.Official","2017-05-17","1826","1842","16","60","4",""
"610","aleancakosovaere","2017-05-17","701","707","41","0","3",""
"611","AlternativaKosova","2017-05-17","84","84","0","1","1",""
"612","drejtesiaofficial","2017-05-17","43","43","0","1","1",""
"613","LidhjaDemokratikeeKosovesOFFICIAL","2017-05-17","2618","2627","29","32","7",""
"614","nismaperkosoven.official","2017-05-17","384","395","31","9","5",""
"615","PDKqender","2017-05-17","909","915","17","10","3",""
"616","vetevendosje","2017-05-17","3131","3220","337","130","1",""
"617","Aleanca.Official","2017-05-16","1480","1489","27","58","3",""
"618","aleancakosovaere","2017-05-16","1224","1263","109","6","4",""
"619","AlternativaKosova","2017-05-16","1175","1195","97","3","2",""
"620","drejtesiaofficial","2017-05-16","77","80","18","3","2",""
"621","LidhjaDemokratikeeKosovesOFFICIAL","2017-05-16","10337","10392","283","244","16",""
"622","nismaperkosoven.official","2017-05-16","754","758","14","81","8",""
"623","PDKqender","2017-05-16","2850","2904","339","53","8",""
"624","vetevendosje","2017-05-16","1771","1807","406","300","2",""
"625","Aleanca.Official","2017-05-15","2632","2638","19","109","5",""
"626","aleancakosovaere","2017-05-15","237","238","8","4","2",""
"627","AlternativaKosova","2017-05-15","407","408","16","5","2",""
"628","LidhjaDemokratikeeKosovesOFFICIAL","2017-05-15","2834","2849","100","39","14",""
"629","nismaperkosoven.official","2017-05-15","900","902","5","46","8",""
"630","PDKqender","2017-05-15","897","898","7","2","3",""
"631","vetevendosje","2017-05-15","866","878","99","188","1",""
"632","drejtesiaofficial","2017-05-15","0","0","0","0","0",""
"633","Aleanca.Official","2017-05-14","631","631","6","13","1",""
"634","aleancakosovaere","2017-05-14","1029","1041","38","0","3",""
"635","LidhjaDemokratikeeKosovesOFFICIAL","2017-05-14","503","506","1","4","3",""
"636","nismaperkosoven.official","2017-05-14","854","857","11","10","5",""
"637","PDKqender","2017-05-14","2937","2951","43","18","5",""
"638","drejtesiaofficial","2017-05-14","0","0","0","0","0",""
"639","AlternativaKosova","2017-05-14","0","0","0","0","0",""
"640","vetevendosje","2017-05-14","0","0","0","0","0",""
"641","Aleanca.Official","2017-05-13","3977","4112","640","199","5",""
"642","aleancakosovaere","2017-05-13","996","1002","28","16","6",""
"643","AlternativaKosova","2017-05-13","96","96","4","2","1",""
"644","drejtesiaofficial","2017-05-13","9","9","1","3","1",""
"645","LidhjaDemokratikeeKosovesOFFICIAL","2017-05-13","1620","1632","15","52","6",""
"646","nismaperkosoven.official","2017-05-13","306","308","10","16","2",""
"647","PDKqender","2017-05-13","274","276","1","0","1",""
"648","vetevendosje","2017-05-13","1624","1641","87","65","1",""
"649","aleancakosovaere","2017-05-12","1525","1544","34","22","6",""
"650","LidhjaDemokratikeeKosovesOFFICIAL","2017-05-12","1280","1283","16","41","8",""
"651","nismaperkosoven.official","2017-05-12","301","303","9","21","2",""
"652","PDKqender","2017-05-12","1966","1980","23","15","4",""
"653","vetevendosje","2017-05-12","1496","1576","318","102","2",""
"654","drejtesiaofficial","2017-05-12","0","0","0","0","0",""
"655","AlternativaKosova","2017-05-12","0","0","0","0","0",""
"656","Aleanca.Official","2017-05-12","0","0","0","0","0",""
"657","Aleanca.Official","2017-05-11","3216","3406","821","231","5",""
"658","aleancakosovaere","2017-05-11","1213","1216","15","8","6",""
"659","AlternativaKosova","2017-05-11","489","491","23","49","1",""
"660","LidhjaDemokratikeeKosovesOFFICIAL","2017-05-11","2188","2221","161","68","7",""
"661","nismaperkosoven.official","2017-05-11","214","215","1","28","2",""
"662","PDKqender","2017-05-11","540","541","8","6","2",""
"663","vetevendosje","2017-05-11","2280","2302","64","67","3",""
"664","drejtesiaofficial","2017-05-11","0","0","0","0","0",""
"665","Aleanca.Official","2017-05-10","1213","1221","16","12","2",""
"666","aleancakosovaere","2017-05-10","879","885","31","17","3",""
"667","LidhjaDemokratikeeKosovesOFFICIAL","2017-05-10","3032","3084","146","73","6",""
"668","nismaperkosoven.official","2017-05-10","1122","1142","56","69","7",""
"669","PDKqender","2017-05-10","337","342","28","0","1",""
"670","vetevendosje","2017-05-10","13170","13661","1659","1221","3",""
"671","drejtesiaofficial","2017-05-10","0","0","0","0","0",""
"672","AlternativaKosova","2017-05-10","0","0","0","0","0",""
"673","aleancakosovaere","2017-05-09","287","287","4","0","1",""
"674","AlternativaKosova","2017-05-09","423","426","6","30","2",""
"675","LidhjaDemokratikeeKosovesOFFICIAL","2017-05-09","702","709","15","34","5",""
"676","nismaperkosoven.official","2017-05-09","131","132","0","0","2",""
"677","PDKqender","2017-05-09","780","789","33","12","2",""
"678","vetevendosje","2017-05-09","741","747","17","37","1",""
"679","drejtesiaofficial","2017-05-09","0","0","0","0","0",""
"680","Aleanca.Official","2017-05-09","0","0","0","0","0",""
"681","Aleanca.Official","2017-05-08","558","560","7","28","1",""
"682","aleancakosovaere","2017-05-08","652","654","11","2","5",""
"683","drejtesiaofficial","2017-05-08","31","31","1","0","1",""
"684","LidhjaDemokratikeeKosovesOFFICIAL","2017-05-08","858","864","13","33","9",""
"685","PDKqender","2017-05-08","392","395","9","6","1",""
"686","vetevendosje","2017-05-08","3585","3737","857","383","3",""
"687","AlternativaKosova","2017-05-08","0","0","0","0","0",""
"688","nismaperkosoven.official","2017-05-08","0","0","0","0","0",""
"689","aleancakosovaere","2017-05-07","360","362","0","10","3",""
"690","drejtesiaofficial","2017-05-07","39","39","0","6","1",""
"691","LidhjaDemokratikeeKosovesOFFICIAL","2017-05-07","1656","1661","13","33","6",""
"692","vetevendosje","2017-05-07","2062","2330","674","461","2",""
"693","AlternativaKosova","2017-05-07","0","0","0","0","0",""
"694","Aleanca.Official","2017-05-07","0","0","0","0","0",""
"695","PDKqender","2017-05-07","0","0","0","0","0",""
"696","nismaperkosoven.official","2017-05-07","0","0","0","0","0",""
"697","aleancakosovaere","2017-05-06","290","293","16","21","1",""
"698","AlternativaKosova","2017-05-06","247","247","9","3","1",""
"699","LidhjaDemokratikeeKosovesOFFICIAL","2017-05-06","874","878","4","18","5",""
"700","nismaperkosoven.official","2017-05-06","33","33","0","6","1",""
"701","drejtesiaofficial","2017-05-06","0","0","0","0","0",""
"702","Aleanca.Official","2017-05-06","0","0","0","0","0",""
"703","vetevendosje","2017-05-06","0","0","0","0","0",""
"704","PDKqender","2017-05-06","0","0","0","0","0",""
"705","Aleanca.Official","2017-05-05","1193","1198","4","34","3",""
"706","aleancakosovaere","2017-05-05","985","991","12","9","5",""
"707","drejtesiaofficial","2017-05-05","63","65","1","4","3",""
"708","LidhjaDemokratikeeKosovesOFFICIAL","2017-05-05","1289","1297","7","26","10",""
"709","nismaperkosoven.official","2017-05-05","489","492","10","46","8",""
"710","PDKqender","2017-05-05","142","142","0","2","1",""
"711","vetevendosje","2017-05-05","5207","5607","768","468","3",""
"712","AlternativaKosova","2017-05-05","0","0","0","0","0",""
"713","Aleanca.Official","2017-05-04","739","743","5","36","1",""
"714","aleancakosovaere","2017-05-04","390","399","15","9","4",""
"715","LidhjaDemokratikeeKosovesOFFICIAL","2017-05-04","627","631","4","17","6",""
"716","nismaperkosoven.official","2017-05-04","165","166","2","6","5",""
"717","PDKqender","2017-05-04","106","106","1","0","2",""
"718","vetevendosje","2017-05-04","1354","1358","17","54","3",""
"719","drejtesiaofficial","2017-05-04","0","0","0","0","0",""
"720","AlternativaKosova","2017-05-04","0","0","0","0","0",""
"721","Aleanca.Official","2017-05-03","1044","1052","17","73","1",""
"722","aleancakosovaere","2017-05-03","651","660","4","10","4",""
"723","LidhjaDemokratikeeKosovesOFFICIAL","2017-05-03","1810","1822","10","13","8",""
"724","nismaperkosoven.official","2017-05-03","29","29","0","12","1",""
"725","vetevendosje","2017-05-03","360","363","2","14","1",""
"726","drejtesiaofficial","2017-05-03","0","0","0","0","0",""
"727","AlternativaKosova","2017-05-03","0","0","0","0","0",""
"728","PDKqender","2017-05-03","0","0","0","0","0",""
"729","Aleanca.Official","2017-05-02","339","339","6","35","2",""
"730","aleancakosovaere","2017-05-02","103","103","12","0","1",""
"731","LidhjaDemokratikeeKosovesOFFICIAL","2017-05-02","2335","2354","32","38","4",""
"732","nismaperkosoven.official","2017-05-02","66","66","1","1","1",""
"733","vetevendosje","2017-05-02","1112","1116","34","77","2",""
"734","drejtesiaofficial","2017-05-02","0","0","0","0","0",""
"735","AlternativaKosova","2017-05-02","0","0","0","0","0",""
"736","PDKqender","2017-05-02","0","0","0","0","0",""
"737","Aleanca.Official","2017-05-01","43","43","0","6","1",""
"738","AlternativaKosova","2017-05-01","103","103","3","0","1",""
"739","PDKqender","2017-05-01","133","133","1","0","1",""
"740","vetevendosje","2017-05-01","1570","1608","155","150","2",""
"741","drejtesiaofficial","2017-05-01","0","0","0","0","0",""
"742","LidhjaDemokratikeeKosovesOFFICIAL","2017-05-01","0","0","0","0","0",""
"743","aleancakosovaere","2017-05-01","0","0","0","0","0",""
"744","nismaperkosoven.official","2017-05-01","0","0","0","0","0",""
"993","drejtesiaofficial","2014-07-06","0","0","0","0","0",""
"994","AlternativaKosova","2014-07-06","0","0","0","0","0",""
"995","LidhjaDemokratikeeKosovesOFFICIAL","2014-07-06","0","0","0","0","0",""
"996","Aleanca.Official","2014-07-06","0","0","0","0","0",""
"997","aleancakosovaere","2014-07-06","0","0","0","0","0",""
"998","vetevendosje","2014-07-06","0","0","0","0","0",""
"999","PDKqender","2014-07-06","0","0","0","0","0",""
"1000","nismaperkosoven.official","2014-07-06","0","0","0","0","0",""
"1001","vetevendosje","2014-07-05","1500","0","31","132","2",""
"1002","drejtesiaofficial","2014-07-05","0","0","0","0","0",""
"1003","AlternativaKosova","2014-07-05","0","0","0","0","0",""
"1004","LidhjaDemokratikeeKosovesOFFICIAL","2014-07-05","0","0","0","0","0",""
"1005","Aleanca.Official","2014-07-05","0","0","0","0","0",""
"1006","aleancakosovaere","2014-07-05","0","0","0","0","0",""
"1007","PDKqender","2014-07-05","0","0","0","0","0",""
"1008","nismaperkosoven.official","2014-07-05","0","0","0","0","0",""
"1009","aleancakosovaere","2014-07-04","43","0","0","2","1",""
"1010","drejtesiaofficial","2014-07-04","198","0","3","19","6",""
"1011","PDKqender","2014-07-04","110","0","2","0","1",""
"1012","AlternativaKosova","2014-07-04","0","0","0","0","0",""
"1013","LidhjaDemokratikeeKosovesOFFICIAL","2014-07-04","0","0","0","0","0",""
"1014","Aleanca.Official","2014-07-04","0","0","0","0","0",""
"1015","vetevendosje","2014-07-04","0","0","0","0","0",""
"1016","nismaperkosoven.official","2014-07-04","0","0","0","0","0",""
"1017","PDKqender","2014-07-03","1191","0","18","24","3",""
"1018","drejtesiaofficial","2014-07-03","0","0","0","0","0",""
"1019","AlternativaKosova","2014-07-03","0","0","0","0","0",""
"1020","LidhjaDemokratikeeKosovesOFFICIAL","2014-07-03","0","0","0","0","0",""
"1021","Aleanca.Official","2014-07-03","0","0","0","0","0",""
"1022","aleancakosovaere","2014-07-03","0","0","0","0","0",""
"1023","vetevendosje","2014-07-03","0","0","0","0","0",""
"1024","nismaperkosoven.official","2014-07-03","0","0","0","0","0",""
"1025","Aleanca.Official","2014-07-02","64","0","0","0","1",""
"1026","PDKqender","2014-07-02","233","0","14","9","1",""
"1027","vetevendosje","2014-07-02","1077","0","2","62","4",""
"1028","drejtesiaofficial","2014-07-02","0","0","0","0","0",""
"1029","AlternativaKosova","2014-07-02","0","0","0","0","0",""
"1030","LidhjaDemokratikeeKosovesOFFICIAL","2014-07-02","0","0","0","0","0",""
"1031","aleancakosovaere","2014-07-02","0","0","0","0","0",""
"1032","nismaperkosoven.official","2014-07-02","0","0","0","0","0",""
"1033","drejtesiaofficial","2014-07-01","42","0","0","2","1",""
"1034","PDKqender","2014-07-01","602","0","23","17","2",""
"1035","vetevendosje","2014-07-01","1135","0","28","51","3",""
"1036","AlternativaKosova","2014-07-01","0","0","0","0","0",""
"1037","LidhjaDemokratikeeKosovesOFFICIAL","2014-07-01","0","0","0","0","0",""
"1038","Aleanca.Official","2014-07-01","0","0","0","0","0",""
"1039","aleancakosovaere","2014-07-01","0","0","0","0","0",""
"1040","nismaperkosoven.official","2014-07-01","0","0","0","0","0",""
"1041","Aleanca.Official","2014-06-30","42","0","1","0","1",""
"1042","drejtesiaofficial","2014-06-30","36","0","0","4","1",""
"1043","vetevendosje","2014-06-30","1559","0","54","96","3",""
"1044","AlternativaKosova","2014-06-30","0","0","0","0","0",""
"1045","LidhjaDemokratikeeKosovesOFFICIAL","2014-06-30","0","0","0","0","0",""
"1046","aleancakosovaere","2014-06-30","0","0","0","0","0",""
"1047","PDKqender","2014-06-30","0","0","0","0","0",""
"1048","nismaperkosoven.official","2014-06-30","0","0","0","0","0",""
"1049","drejtesiaofficial","2014-06-29","0","0","0","0","0",""
"1050","AlternativaKosova","2014-06-29","0","0","0","0","0",""
"1051","LidhjaDemokratikeeKosovesOFFICIAL","2014-06-29","0","0","0","0","0",""
"1052","Aleanca.Official","2014-06-29","0","0","0","0","0",""
"1053","aleancakosovaere","2014-06-29","0","0","0","0","0",""
"1054","vetevendosje","2014-06-29","0","0","0","0","0",""
"1055","PDKqender","2014-06-29","0","0","0","0","0",""
"1056","nismaperkosoven.official","2014-06-29","0","0","0","0","0",""
"1057","vetevendosje","2014-06-28","1175","0","32","122","2",""
"1058","drejtesiaofficial","2014-06-28","0","0","0","0","0",""
"1059","AlternativaKosova","2014-06-28","0","0","0","0","0",""
"1060","LidhjaDemokratikeeKosovesOFFICIAL","2014-06-28","0","0","0","0","0",""
"1061","Aleanca.Official","2014-06-28","0","0","0","0","0",""
"1062","aleancakosovaere","2014-06-28","0","0","0","0","0",""
"1063","PDKqender","2014-06-28","0","0","0","0","0",""
"1064","nismaperkosoven.official","2014-06-28","0","0","0","0","0",""
"1065","aleancakosovaere","2014-06-27","122","0","1","4","1",""
"1066","drejtesiaofficial","2014-06-27","337","0","4","5","2",""
"1067","nismaperkosoven.official","2014-06-27","186","0","0","11","1",""
"1068","vetevendosje","2014-06-27","674","0","10","24","3",""
"1069","AlternativaKosova","2014-06-27","0","0","0","0","0",""
"1070","LidhjaDemokratikeeKosovesOFFICIAL","2014-06-27","0","0","0","0","0",""
"1071","Aleanca.Official","2014-06-27","0","0","0","0","0",""
"1072","PDKqender","2014-06-27","0","0","0","0","0",""
"1073","nismaperkosoven.official","2014-06-26","251","0","0","5","2",""
"1074","vetevendosje","2014-06-26","914","0","17","18","2",""
"1075","drejtesiaofficial","2014-06-26","0","0","0","0","0",""
"1076","AlternativaKosova","2014-06-26","0","0","0","0","0",""
"1077","LidhjaDemokratikeeKosovesOFFICIAL","2014-06-26","0","0","0","0","0",""
"1078","Aleanca.Official","2014-06-26","0","0","0","0","0",""
"1079","aleancakosovaere","2014-06-26","0","0","0","0","0",""
"1080","PDKqender","2014-06-26","0","0","0","0","0",""
"1081","vetevendosje","2014-06-25","348","0","15","31","1",""
"1082","drejtesiaofficial","2014-06-25","0","0","0","0","0",""
"1083","AlternativaKosova","2014-06-25","0","0","0","0","0",""
"1084","LidhjaDemokratikeeKosovesOFFICIAL","2014-06-25","0","0","0","0","0",""
"1085","Aleanca.Official","2014-06-25","0","0","0","0","0",""
"1086","aleancakosovaere","2014-06-25","0","0","0","0","0",""
"1087","PDKqender","2014-06-25","0","0","0","0","0",""
"1088","nismaperkosoven.official","2014-06-25","0","0","0","0","0",""
"1089","aleancakosovaere","2014-06-24","31","0","2","6","1",""
"1090","drejtesiaofficial","2014-06-24","109","0","1","3","2",""
"1091","nismaperkosoven.official","2014-06-24","137","0","0","9","1",""
"1092","PDKqender","2014-06-24","806","0","1","4","3",""
"1093","AlternativaKosova","2014-06-24","0","0","0","0","0",""
"1094","LidhjaDemokratikeeKosovesOFFICIAL","2014-06-24","0","0","0","0","0",""
"1095","Aleanca.Official","2014-06-24","0","0","0","0","0",""
"1096","vetevendosje","2014-06-24","0","0","0","0","0",""
"1097","Aleanca.Official","2014-06-23","356","0","1","2","2",""
"1098","nismaperkosoven.official","2014-06-23","366","0","3","13","2",""
"1099","vetevendosje","2014-06-23","1591","0","20","63","4",""
"1100","drejtesiaofficial","2014-06-23","0","0","0","0","0",""
"1101","AlternativaKosova","2014-06-23","0","0","0","0","0",""
"1102","LidhjaDemokratikeeKosovesOFFICIAL","2014-06-23","0","0","0","0","0",""
"1103","aleancakosovaere","2014-06-23","0","0","0","0","0",""
"1104","PDKqender","2014-06-23","0","0","0","0","0",""
"1105","Aleanca.Official","2014-06-22","128","0","4","5","1",""
"1106","drejtesiaofficial","2014-06-22","0","0","0","0","0",""
"1107","AlternativaKosova","2014-06-22","0","0","0","0","0",""
"1108","LidhjaDemokratikeeKosovesOFFICIAL","2014-06-22","0","0","0","0","0",""
"1109","aleancakosovaere","2014-06-22","0","0","0","0","0",""
"1110","vetevendosje","2014-06-22","0","0","0","0","0",""
"1111","PDKqender","2014-06-22","0","0","0","0","0",""
"1112","nismaperkosoven.official","2014-06-22","0","0","0","0","0",""
"1113","vetevendosje","2014-06-21","296","0","9","16","1",""
"1114","drejtesiaofficial","2014-06-21","0","0","0","0","0",""
"1115","AlternativaKosova","2014-06-21","0","0","0","0","0",""
"1116","LidhjaDemokratikeeKosovesOFFICIAL","2014-06-21","0","0","0","0","0",""
"1117","Aleanca.Official","2014-06-21","0","0","0","0","0",""
"1118","aleancakosovaere","2014-06-21","0","0","0","0","0",""
"1119","PDKqender","2014-06-21","0","0","0","0","0",""
"1120","nismaperkosoven.official","2014-06-21","0","0","0","0","0",""
"1121","aleancakosovaere","2014-06-20","53","0","1","1","1",""
"1122","PDKqender","2014-06-20","168","0","0","0","1",""
"1123","vetevendosje","2014-06-20","1637","0","36","52","3",""
"1124","drejtesiaofficial","2014-06-20","0","0","0","0","0",""
"1125","AlternativaKosova","2014-06-20","0","0","0","0","0",""
"1126","LidhjaDemokratikeeKosovesOFFICIAL","2014-06-20","0","0","0","0","0",""
"1127","Aleanca.Official","2014-06-20","0","0","0","0","0",""
"1128","nismaperkosoven.official","2014-06-20","0","0","0","0","0",""
"1129","nismaperkosoven.official","2014-06-19","162","0","10","9","1",""
"1130","vetevendosje","2014-06-19","669","0","25","65","1",""
"1131","drejtesiaofficial","2014-06-19","0","0","0","0","0",""
"1132","AlternativaKosova","2014-06-19","0","0","0","0","0",""
"1133","LidhjaDemokratikeeKosovesOFFICIAL","2014-06-19","0","0","0","0","0",""
"1134","Aleanca.Official","2014-06-19","0","0","0","0","0",""
"1135","aleancakosovaere","2014-06-19","0","0","0","0","0",""
"1136","PDKqender","2014-06-19","0","0","0","0","0",""
"1137","aleancakosovaere","2014-06-18","397","0","28","18","3",""
"1138","vetevendosje","2014-06-18","1302","0","25","44","2",""
"1139","drejtesiaofficial","2014-06-18","0","0","0","0","0",""
"1140","AlternativaKosova","2014-06-18","0","0","0","0","0",""
"1141","LidhjaDemokratikeeKosovesOFFICIAL","2014-06-18","0","0","0","0","0",""
"1142","Aleanca.Official","2014-06-18","0","0","0","0","0",""
"1143","PDKqender","2014-06-18","0","0","0","0","0",""
"1144","nismaperkosoven.official","2014-06-18","0","0","0","0","0",""
"1145","aleancakosovaere","2014-06-17","43","0","1","5","1",""
"1146","drejtesiaofficial","2014-06-17","172","0","0","4","1",""
"1147","vetevendosje","2014-06-17","214","0","1","2","1",""
"1148","AlternativaKosova","2014-06-17","0","0","0","0","0",""
"1149","LidhjaDemokratikeeKosovesOFFICIAL","2014-06-17","0","0","0","0","0",""
"1150","Aleanca.Official","2014-06-17","0","0","0","0","0",""
"1151","PDKqender","2014-06-17","0","0","0","0","0",""
"1152","nismaperkosoven.official","2014-06-17","0","0","0","0","0",""
"1153","Aleanca.Official","2014-06-16","339","0","2","7","1",""
"1154","aleancakosovaere","2014-06-16","46","0","3","7","1",""
"1155","drejtesiaofficial","2014-06-16","288","0","6","14","1",""
"1156","vetevendosje","2014-06-16","1232","0","32","32","2",""
"1157","AlternativaKosova","2014-06-16","0","0","0","0","0",""
"1158","LidhjaDemokratikeeKosovesOFFICIAL","2014-06-16","0","0","0","0","0",""
"1159","PDKqender","2014-06-16","0","0","0","0","0",""
"1160","nismaperkosoven.official","2014-06-16","0","0","0","0","0",""
"1161","aleancakosovaere","2014-06-15","120","0","3","2","1",""
"1162","drejtesiaofficial","2014-06-15","300","0","8","8","3",""
"1163","nismaperkosoven.official","2014-06-15","244","0","19","7","1",""
"1164","PDKqender","2014-06-15","314","0","8","2","1",""
"1165","vetevendosje","2014-06-15","1127","0","35","33","2",""
"1166","AlternativaKosova","2014-06-15","0","0","0","0","0",""
"1167","LidhjaDemokratikeeKosovesOFFICIAL","2014-06-15","0","0","0","0","0",""
"1168","Aleanca.Official","2014-06-15","0","0","0","0","0",""
"1169","aleancakosovaere","2014-06-14","83","0","3","1","1",""
"1170","nismaperkosoven.official","2014-06-14","168","0","4","13","1",""
"1171","vetevendosje","2014-06-14","1074","0","31","55","1",""
"1172","drejtesiaofficial","2014-06-14","0","0","0","0","0",""
"1173","AlternativaKosova","2014-06-14","0","0","0","0","0",""
"1174","LidhjaDemokratikeeKosovesOFFICIAL","2014-06-14","0","0","0","0","0",""
"1175","Aleanca.Official","2014-06-14","0","0","0","0","0",""
"1176","PDKqender","2014-06-14","0","0","0","0","0",""
"1177","drejtesiaofficial","2014-06-13","169","0","17","18","1",""
"1178","PDKqender","2014-06-13","187","0","3","0","1",""
"1179","vetevendosje","2014-06-13","643","0","25","31","2",""
"1180","AlternativaKosova","2014-06-13","0","0","0","0","0",""
"1181","LidhjaDemokratikeeKosovesOFFICIAL","2014-06-13","0","0","0","0","0",""
"1182","Aleanca.Official","2014-06-13","0","0","0","0","0",""
"1183","aleancakosovaere","2014-06-13","0","0","0","0","0",""
"1184","nismaperkosoven.official","2014-06-13","0","0","0","0","0",""
"1185","drejtesiaofficial","2014-06-12","61","0","1","7","1",""
"1186","nismaperkosoven.official","2014-06-12","688","0","44","13","3",""
"1187","PDKqender","2014-06-12","570","0","4","0","2",""
"1188","vetevendosje","2014-06-12","6593","0","494","198","2",""
"1189","AlternativaKosova","2014-06-12","0","0","0","0","0",""
"1190","LidhjaDemokratikeeKosovesOFFICIAL","2014-06-12","0","0","0","0","0",""
"1191","Aleanca.Official","2014-06-12","0","0","0","0","0",""
"1192","aleancakosovaere","2014-06-12","0","0","0","0","0",""
"1193","aleancakosovaere","2014-06-11","146","0","5","5","1",""
"1194","drejtesiaofficial","2014-06-11","348","0","18","14","2",""
"1195","nismaperkosoven.official","2014-06-11","662","0","59","30","2",""
"1196","vetevendosje","2014-06-11","2588","0","575","203","2",""
"1197","AlternativaKosova","2014-06-11","0","0","0","0","0",""
"1198","LidhjaDemokratikeeKosovesOFFICIAL","2014-06-11","0","0","0","0","0",""
"1199","Aleanca.Official","2014-06-11","0","0","0","0","0",""
"1200","PDKqender","2014-06-11","0","0","0","0","0",""
"1201","aleancakosovaere","2014-06-10","130","0","3","8","1",""
"1202","PDKqender","2014-06-10","2198","0","145","101","3",""
"1203","vetevendosje","2014-06-10","7380","0","439","229","4",""
"1204","drejtesiaofficial","2014-06-10","0","0","0","0","0",""
"1205","AlternativaKosova","2014-06-10","0","0","0","0","0",""
"1206","LidhjaDemokratikeeKosovesOFFICIAL","2014-06-10","0","0","0","0","0",""
"1207","Aleanca.Official","2014-06-10","0","0","0","0","0",""
"1208","nismaperkosoven.official","2014-06-10","0","0","0","0","0",""
"1209","aleancakosovaere","2014-06-09","37","0","1","0","1",""
"1210","drejtesiaofficial","2014-06-09","301","0","12","6","1",""
"1211","nismaperkosoven.official","2014-06-09","413","0","16","20","1",""
"1212","vetevendosje","2014-06-09","5969","0","477","161","4",""
"1213","AlternativaKosova","2014-06-09","0","0","0","0","0",""
"1214","LidhjaDemokratikeeKosovesOFFICIAL","2014-06-09","0","0","0","0","0",""
"1215","Aleanca.Official","2014-06-09","0","0","0","0","0",""
"1216","PDKqender","2014-06-09","0","0","0","0","0",""
"1217","aleancakosovaere","2014-06-08","406","0","5","13","3",""
"1218","drejtesiaofficial","2014-06-08","1490","0","52","21","8",""
"1219","nismaperkosoven.official","2014-06-08","233","0","20","17","1",""
"1220","PDKqender","2014-06-08","4893","0","172","110","6",""
"1221","vetevendosje","2014-06-08","5893","0","288","171","2",""
"1222","AlternativaKosova","2014-06-08","0","0","0","0","0",""
"1223","LidhjaDemokratikeeKosovesOFFICIAL","2014-06-08","0","0","0","0","0",""
"1224","Aleanca.Official","2014-06-08","0","0","0","0","0",""
"1225","aleancakosovaere","2014-06-07","55","0","5","8","1",""
"1226","drejtesiaofficial","2014-06-07","11","0","2","2","1",""
"1227","PDKqender","2014-06-07","150","0","0","0","1",""
"1228","AlternativaKosova","2014-06-07","0","0","0","0","0",""
"1229","LidhjaDemokratikeeKosovesOFFICIAL","2014-06-07","0","0","0","0","0",""
"1230","Aleanca.Official","2014-06-07","0","0","0","0","0",""
"1231","vetevendosje","2014-06-07","0","0","0","0","0",""
"1232","nismaperkosoven.official","2014-06-07","0","0","0","0","0",""
"1233","Aleanca.Official","2014-06-06","475","0","17","34","3",""
"1234","aleancakosovaere","2014-06-06","433","0","6","36","7",""
"1235","drejtesiaofficial","2014-06-06","370","0","11","30","5",""
"1236","nismaperkosoven.official","2014-06-06","840","0","15","43","4",""
"1237","PDKqender","2014-06-06","1416","0","18","56","9",""
"1238","vetevendosje","2014-06-06","10530","0","227","458","8",""
"1239","AlternativaKosova","2014-06-06","0","0","0","0","0",""
"1240","LidhjaDemokratikeeKosovesOFFICIAL","2014-06-06","0","0","0","0","0",""
"1241","Aleanca.Official","2014-06-05","91","0","2","2","1",""
"1242","aleancakosovaere","2014-06-05","1055","0","11","40","11",""
"1243","drejtesiaofficial","2014-06-05","843","0","23","39","7",""
"1244","nismaperkosoven.official","2014-06-05","2234","0","10","75","11",""
"1245","PDKqender","2014-06-05","1970","0","18","20","10",""
"1246","vetevendosje","2014-06-05","7138","0","131","285","10",""
"1247","AlternativaKosova","2014-06-05","0","0","0","0","0",""
"1248","LidhjaDemokratikeeKosovesOFFICIAL","2014-06-05","0","0","0","0","0",""
"1249","Aleanca.Official","2014-06-04","207","0","11","5","2",""
"1250","aleancakosovaere","2014-06-04","1023","0","17","44","11",""
"1251","drejtesiaofficial","2014-06-04","283","0","4","29","4",""
"1252","nismaperkosoven.official","2014-06-04","2198","0","19","40","9",""
"1253","PDKqender","2014-06-04","3355","0","31","53","14",""
"1254","vetevendosje","2014-06-04","5826","0","167","255","8",""
"1255","AlternativaKosova","2014-06-04","0","0","0","0","0",""
"1256","LidhjaDemokratikeeKosovesOFFICIAL","2014-06-04","0","0","0","0","0",""
"1257","Aleanca.Official","2014-06-03","614","0","20","2","7",""
"1258","aleancakosovaere","2014-06-03","990","0","10","43","9",""
"1259","drejtesiaofficial","2014-06-03","1139","0","8","82","11",""
"1260","nismaperkosoven.official","2014-06-03","2187","0","32","44","10",""
"1261","PDKqender","2014-06-03","1526","0","10","13","7",""
"1262","vetevendosje","2014-06-03","8001","0","166","351","9",""
"1263","AlternativaKosova","2014-06-03","0","0","0","0","0",""
"1264","LidhjaDemokratikeeKosovesOFFICIAL","2014-06-03","0","0","0","0","0",""
"1265","Aleanca.Official","2014-06-02","352","0","5","4","2",""
"1266","aleancakosovaere","2014-06-02","658","0","5","27","8",""
"1267","drejtesiaofficial","2014-06-02","349","0","3","44","8",""
"1268","nismaperkosoven.official","2014-06-02","3105","0","19","140","13",""
"1269","PDKqender","2014-06-02","2107","0","9","37","10",""
"1270","vetevendosje","2014-06-02","8157","0","226","460","10",""
"1271","AlternativaKosova","2014-06-02","0","0","0","0","0",""
"1272","LidhjaDemokratikeeKosovesOFFICIAL","2014-06-02","0","0","0","0","0",""
"1273","Aleanca.Official","2014-06-01","443","0","8","2","3",""
"1274","aleancakosovaere","2014-06-01","555","0","6","16","7",""
"1275","drejtesiaofficial","2014-06-01","450","0","4","14","5",""
"1276","nismaperkosoven.official","2014-06-01","3442","0","46","108","11",""
"1277","PDKqender","2014-06-01","1250","0","4","46","7",""
"1278","vetevendosje","2014-06-01","4663","0","94","198","8",""
"1279","AlternativaKosova","2014-06-01","0","0","0","0","0",""
"1280","LidhjaDemokratikeeKosovesOFFICIAL","2014-06-01","0","0","0","0","0",""
"1281","Aleanca.Official","2014-05-31","264","0","4","0","2",""
"1282","aleancakosovaere","2014-05-31","514","0","4","27","10",""
"1283","drejtesiaofficial","2014-05-31","445","0","7","31","6",""
"1284","nismaperkosoven.official","2014-05-31","1963","0","17","56","6",""
"1285","PDKqender","2014-05-31","1991","0","23","62","7",""
"1286","vetevendosje","2014-05-31","6372","0","137","314","9",""
"1287","AlternativaKosova","2014-05-31","0","0","0","0","0",""
"1288","LidhjaDemokratikeeKosovesOFFICIAL","2014-05-31","0","0","0","0","0",""
"1289","Aleanca.Official","2014-05-30","290","0","1","0","2",""
"1290","aleancakosovaere","2014-05-30","615","0","8","47","12",""
"1291","drejtesiaofficial","2014-05-30","596","0","31","165","9",""
"1292","nismaperkosoven.official","2014-05-30","2082","0","14","87","8",""
"1293","PDKqender","2014-05-30","630","0","6","23","3",""
"1294","vetevendosje","2014-05-30","5856","0","138","277","9",""
"1295","AlternativaKosova","2014-05-30","0","0","0","0","0",""
"1296","LidhjaDemokratikeeKosovesOFFICIAL","2014-05-30","0","0","0","0","0",""
"1297","Aleanca.Official","2014-05-29","221","0","11","3","2",""
"1298","aleancakosovaere","2014-05-29","661","0","0","39","11",""
"1299","drejtesiaofficial","2014-05-29","329","0","8","32","6",""
"1300","nismaperkosoven.official","2014-05-29","2368","0","58","153","5",""
"1301","PDKqender","2014-05-29","830","0","8","19","4",""
"1302","vetevendosje","2014-05-29","3780","0","83","204","6",""
"1303","AlternativaKosova","2014-05-29","0","0","0","0","0",""
"1304","LidhjaDemokratikeeKosovesOFFICIAL","2014-05-29","0","0","0","0","0",""
"1305","Aleanca.Official","2014-05-28","174","0","4","1","1",""
"1306","aleancakosovaere","2014-05-28","314","0","3","7","5",""
"1307","drejtesiaofficial","2014-05-28","1708","0","46","176","13",""
"1308","nismaperkosoven.official","2014-05-28","1752","0","12","80","8",""
"1309","PDKqender","2014-05-28","1067","0","18","23","6",""
"1310","vetevendosje","2014-05-28","8223","0","142","470","11",""
"1311","AlternativaKosova","2014-05-28","0","0","0","0","0",""
"1312","LidhjaDemokratikeeKosovesOFFICIAL","2014-05-28","0","0","0","0","0",""
"1313","Aleanca.Official","2014-05-27","94","0","1","0","1",""
"1314","aleancakosovaere","2014-05-27","359","0","9","16","7",""
"1315","drejtesiaofficial","2014-05-27","125","0","0","11","2",""
"1316","nismaperkosoven.official","2014-05-27","834","0","6","19","5",""
"1317","PDKqender","2014-05-27","938","0","2","10","8",""
"1318","vetevendosje","2014-05-27","2929","0","84","191","7",""
"1319","AlternativaKosova","2014-05-27","0","0","0","0","0",""
"1320","LidhjaDemokratikeeKosovesOFFICIAL","2014-05-27","0","0","0","0","0",""
"1321","Aleanca.Official","2014-05-26","371","0","9","1","3",""
"1322","aleancakosovaere","2014-05-26","397","0","4","32","6",""
"1323","drejtesiaofficial","2014-05-26","79","0","2","4","2",""
"1324","nismaperkosoven.official","2014-05-26","1700","0","9","93","11",""
"1325","PDKqender","2014-05-26","1043","0","10","22","8",""
"1326","vetevendosje","2014-05-26","2407","0","35","80","6",""
"1327","AlternativaKosova","2014-05-26","0","0","0","0","0",""
"1328","LidhjaDemokratikeeKosovesOFFICIAL","2014-05-26","0","0","0","0","0",""
"1329","Aleanca.Official","2014-05-25","583","0","9","1","5",""
"1330","aleancakosovaere","2014-05-25","95","0","1","4","2",""
"1331","drejtesiaofficial","2014-05-25","582","0","9","36","8",""
"1332","nismaperkosoven.official","2014-05-25","965","0","3","7","7",""
"1333","PDKqender","2014-05-25","482","0","3","10","2",""
"1334","vetevendosje","2014-05-25","3269","0","75","260","5",""
"1335","AlternativaKosova","2014-05-25","0","0","0","0","0",""
"1336","LidhjaDemokratikeeKosovesOFFICIAL","2014-05-25","0","0","0","0","0",""
"1337","Aleanca.Official","2014-05-24","510","0","0","7","4",""
"1338","aleancakosovaere","2014-05-24","357","0","9","26","5",""
"1339","drejtesiaofficial","2014-05-24","268","0","7","19","6",""
"1340","nismaperkosoven.official","2014-05-24","1170","0","9","23","5",""
"1341","PDKqender","2014-05-24","553","0","1","7","5",""
"1342","vetevendosje","2014-05-24","4232","0","55","238","8",""
"1343","AlternativaKosova","2014-05-24","0","0","0","0","0",""
"1344","LidhjaDemokratikeeKosovesOFFICIAL","2014-05-24","0","0","0","0","0",""
"1345","Aleanca.Official","2014-05-23","395","0","6","2","3",""
"1346","aleancakosovaere","2014-05-23","311","0","7","15","7",""
"1347","drejtesiaofficial","2014-05-23","154","0","4","9","5",""
"1348","nismaperkosoven.official","2014-05-23","831","0","9","20","3",""
"1349","PDKqender","2014-05-23","1256","0","8","18","4",""
"1350","vetevendosje","2014-05-23","6192","0","109","310","10",""
"1351","AlternativaKosova","2014-05-23","0","0","0","0","0",""
"1352","LidhjaDemokratikeeKosovesOFFICIAL","2014-05-23","0","0","0","0","0",""
"1353","Aleanca.Official","2014-05-22","151","0","3","21","1",""
"1354","aleancakosovaere","2014-05-22","58","0","1","20","3",""
"1355","drejtesiaofficial","2014-05-22","271","0","1","32","7",""
"1356","nismaperkosoven.official","2014-05-22","1112","0","11","24","4",""
"1357","PDKqender","2014-05-22","705","0","2","12","6",""
"1358","vetevendosje","2014-05-22","4445","0","138","246","10",""
"1359","AlternativaKosova","2014-05-22","0","0","0","0","0",""
"1360","LidhjaDemokratikeeKosovesOFFICIAL","2014-05-22","0","0","0","0","0",""
"1361","drejtesiaofficial","2014-05-21","148","0","2","17","2",""
"1362","nismaperkosoven.official","2014-05-21","919","0","9","58","3",""
"1363","PDKqender","2014-05-21","466","0","38","39","3",""
"1364","vetevendosje","2014-05-21","2309","0","23","90","6",""
"1365","AlternativaKosova","2014-05-21","0","0","0","0","0",""
"1366","LidhjaDemokratikeeKosovesOFFICIAL","2014-05-21","0","0","0","0","0",""
"1367","Aleanca.Official","2014-05-21","0","0","0","0","0",""
"1368","aleancakosovaere","2014-05-21","0","0","0","0","0",""
"1369","Aleanca.Official","2014-05-20","403","0","0","6","2",""
"1370","aleancakosovaere","2014-05-20","199","0","13","35","3",""
"1371","drejtesiaofficial","2014-05-20","414","0","9","34","6",""
"1372","nismaperkosoven.official","2014-05-20","850","0","9","22","3",""
"1373","PDKqender","2014-05-20","984","0","22","25","4",""
"1374","vetevendosje","2014-05-20","3467","0","68","272","7",""
"1375","AlternativaKosova","2014-05-20","0","0","0","0","0",""
"1376","LidhjaDemokratikeeKosovesOFFICIAL","2014-05-20","0","0","0","0","0",""
"1377","Aleanca.Official","2014-05-19","706","0","7","16","7",""
"1378","aleancakosovaere","2014-05-19","96","0","4","11","3",""
"1379","drejtesiaofficial","2014-05-19","256","0","17","34","7",""
"1380","nismaperkosoven.official","2014-05-19","242","0","8","4","1",""
"1381","PDKqender","2014-05-19","746","0","3","0","5",""
"1382","vetevendosje","2014-05-19","3430","0","80","210","4",""
"1383","AlternativaKosova","2014-05-19","0","0","0","0","0",""
"1384","LidhjaDemokratikeeKosovesOFFICIAL","2014-05-19","0","0","0","0","0",""
"1385","Aleanca.Official","2014-05-18","237","0","1","1","3",""
"1386","aleancakosovaere","2014-05-18","21","0","0","6","1",""
"1387","nismaperkosoven.official","2014-05-18","538","0","7","14","3",""
"1388","PDKqender","2014-05-18","151","0","0","0","1",""
"1389","vetevendosje","2014-05-18","2507","0","26","151","4",""
"1390","drejtesiaofficial","2014-05-18","0","0","0","0","0",""
"1391","AlternativaKosova","2014-05-18","0","0","0","0","0",""
"1392","LidhjaDemokratikeeKosovesOFFICIAL","2014-05-18","0","0","0","0","0",""
"1393","Aleanca.Official","2014-05-17","157","0","2","10","3",""
"1394","drejtesiaofficial","2014-05-17","292","0","3","15","8",""
"1395","nismaperkosoven.official","2014-05-17","716","0","4","32","4",""
"1396","PDKqender","2014-05-17","662","0","5","0","5",""
"1397","vetevendosje","2014-05-17","1092","0","34","150","2",""
"1398","AlternativaKosova","2014-05-17","0","0","0","0","0",""
"1399","LidhjaDemokratikeeKosovesOFFICIAL","2014-05-17","0","0","0","0","0",""
"1400","aleancakosovaere","2014-05-17","0","0","0","0","0",""
"1401","Aleanca.Official","2014-05-16","301","0","0","9","3",""
"1402","aleancakosovaere","2014-05-16","84","0","0","9","3",""
"1403","drejtesiaofficial","2014-05-16","39","0","3","0","1",""
"1404","nismaperkosoven.official","2014-05-16","159","0","1","12","1",""
"1405","PDKqender","2014-05-16","779","0","5","0","5",""
"1406","vetevendosje","2014-05-16","1496","0","67","82","4",""
"1407","AlternativaKosova","2014-05-16","0","0","0","0","0",""
"1408","LidhjaDemokratikeeKosovesOFFICIAL","2014-05-16","0","0","0","0","0",""
"1409","Aleanca.Official","2014-05-15","607","0","3","25","4",""
"1410","aleancakosovaere","2014-05-15","169","0","5","14","2",""
"1411","drejtesiaofficial","2014-05-15","104","0","1","8","2",""
"1412","nismaperkosoven.official","2014-05-15","392","0","4","16","2",""
"1413","PDKqender","2014-05-15","1018","0","0","10","4",""
"1414","vetevendosje","2014-05-15","2648","0","62","223","5",""
"1415","AlternativaKosova","2014-05-15","0","0","0","0","0",""
"1416","LidhjaDemokratikeeKosovesOFFICIAL","2014-05-15","0","0","0","0","0",""
"1417","Aleanca.Official","2014-05-14","183","0","2","3","2",""
"1418","aleancakosovaere","2014-05-14","28","0","0","5","2",""
"1419","drejtesiaofficial","2014-05-14","145","0","2","13","7",""
"1420","nismaperkosoven.official","2014-05-14","396","0","3","8","2",""
"1421","PDKqender","2014-05-14","45","0","0","0","1",""
"1422","vetevendosje","2014-05-14","1645","0","34","200","4",""
"1423","AlternativaKosova","2014-05-14","0","0","0","0","0",""
"1424","LidhjaDemokratikeeKosovesOFFICIAL","2014-05-14","0","0","0","0","0",""
"1425","Aleanca.Official","2014-05-13","68","0","1","2","1",""
"1426","aleancakosovaere","2014-05-13","72","0","4","3","1",""
"1427","drejtesiaofficial","2014-05-13","17","0","0","6","1",""
"1428","nismaperkosoven.official","2014-05-13","266","0","3","13","1",""
"1429","PDKqender","2014-05-13","938","0","16","24","5",""
"1430","vetevendosje","2014-05-13","742","0","22","59","3",""
"1431","AlternativaKosova","2014-05-13","0","0","0","0","0",""
"1432","LidhjaDemokratikeeKosovesOFFICIAL","2014-05-13","0","0","0","0","0",""
"1433","Aleanca.Official","2014-05-12","166","0","0","4","1",""
"1434","aleancakosovaere","2014-05-12","76","0","1","7","3",""
"1435","drejtesiaofficial","2014-05-12","35","0","0","1","1",""
"1436","nismaperkosoven.official","2014-05-12","667","0","7","16","3",""
"1437","PDKqender","2014-05-12","661","0","3","9","4",""
"1438","vetevendosje","2014-05-12","492","0","12","78","2",""
"1439","AlternativaKosova","2014-05-12","0","0","0","0","0",""
"1440","LidhjaDemokratikeeKosovesOFFICIAL","2014-05-12","0","0","0","0","0",""
"1441","aleancakosovaere","2014-05-11","60","0","0","8","1",""
"1442","nismaperkosoven.official","2014-05-11","811","0","7","61","4",""
"1443","drejtesiaofficial","2014-05-11","0","0","0","0","0",""
"1444","AlternativaKosova","2014-05-11","0","0","0","0","0",""
"1445","LidhjaDemokratikeeKosovesOFFICIAL","2014-05-11","0","0","0","0","0",""
"1446","Aleanca.Official","2014-05-11","0","0","0","0","0",""
"1447","vetevendosje","2014-05-11","0","0","0","0","0",""
"1448","PDKqender","2014-05-11","0","0","0","0","0",""
"1449","aleancakosovaere","2014-05-10","59","0","0","10","1",""
"1450","drejtesiaofficial","2014-05-10","24","0","0","3","1",""
"1451","nismaperkosoven.official","2014-05-10","583","0","11","35","4",""
"1452","PDKqender","2014-05-10","468","0","16","18","1",""
"1453","vetevendosje","2014-05-10","168","0","4","1","1",""
"1454","AlternativaKosova","2014-05-10","0","0","0","0","0",""
"1455","LidhjaDemokratikeeKosovesOFFICIAL","2014-05-10","0","0","0","0","0",""
"1456","Aleanca.Official","2014-05-10","0","0","0","0","0",""
"1457","Aleanca.Official","2014-05-09","278","0","1","9","4",""
"1458","aleancakosovaere","2014-05-09","52","0","1","1","2",""
"1459","nismaperkosoven.official","2014-05-09","1132","0","30","78","7",""
"1460","vetevendosje","2014-05-09","1164","0","35","80","5",""
"1461","drejtesiaofficial","2014-05-09","0","0","0","0","0",""
"1462","AlternativaKosova","2014-05-09","0","0","0","0","0",""
"1463","LidhjaDemokratikeeKosovesOFFICIAL","2014-05-09","0","0","0","0","0",""
"1464","PDKqender","2014-05-09","0","0","0","0","0",""
"1465","Aleanca.Official","2014-05-08","74","0","1","5","1",""
"1466","aleancakosovaere","2014-05-08","99","0","1","5","3",""
"1467","drejtesiaofficial","2014-05-08","174","0","2","35","8",""
"1468","nismaperkosoven.official","2014-05-08","591","0","9","28","4",""
"1469","PDKqender","2014-05-08","251","0","9","7","2",""
"1470","vetevendosje","2014-05-08","1559","0","35","151","7",""
"1471","AlternativaKosova","2014-05-08","0","0","0","0","0",""
"1472","LidhjaDemokratikeeKosovesOFFICIAL","2014-05-08","0","0","0","0","0",""
"1473","aleancakosovaere","2014-05-07","43","0","3","1","2",""
"1474","drejtesiaofficial","2014-05-07","95","0","2","7","5",""
"1475","nismaperkosoven.official","2014-05-07","678","0","7","41","4",""
"1476","PDKqender","2014-05-07","334","0","6","2","2",""
"1477","vetevendosje","2014-05-07","1888","0","51","216","9",""
"1478","AlternativaKosova","2014-05-07","0","0","0","0","0",""
"1479","LidhjaDemokratikeeKosovesOFFICIAL","2014-05-07","0","0","0","0","0",""
"1480","Aleanca.Official","2014-05-07","0","0","0","0","0",""
"1481","drejtesiaofficial","2014-05-06","32","0","2","1","1",""
"1482","nismaperkosoven.official","2014-05-06","333","0","3","39","2",""
"1483","PDKqender","2014-05-06","497","0","4","3","4",""
"1484","vetevendosje","2014-05-06","1410","0","18","112","9",""
"1485","AlternativaKosova","2014-05-06","0","0","0","0","0",""
"1486","LidhjaDemokratikeeKosovesOFFICIAL","2014-05-06","0","0","0","0","0",""
"1487","Aleanca.Official","2014-05-06","0","0","0","0","0",""
"1488","aleancakosovaere","2014-05-06","0","0","0","0","0",""
"1489","drejtesiaofficial","","32","0","2","1","1",""
"1490","AlternativaKosova","","0","0","0","0","0",""
"1491","LidhjaDemokratikeeKosovesOFFICIAL","","0","0","0","0","0",""
"1492","Aleanca.Official","","0","0","0","0","0",""
"1493","aleancakosovaere","","0","0","0","0","0",""
"1494","vetevendosje","","1410","0","18","112","9",""
"1495","PDKqender","","497","0","4","3","4",""
"1496","nismaperkosoven.official","","333","0","3","39","2",""
"3473","Aleanca.Official","2017-06-01","999","1000","7","9","7",""
"3474","aleancakosovaere","2017-06-01","1162","1171","23","30","6",""
"3475","AlternativaKosova","2017-06-01","1080","1113","65","49","7",""
"3476","drejtesiaofficial","2017-06-01","106","107","0","8","2",""
"3477","LidhjaDemokratikeeKosovesOFFICIAL","2017-06-01","2680","2711","78","68","5",""
"3478","nismaperkosoven.official","2017-06-01","615","617","11","11","5",""
"3479","PDKqender","2017-06-01","1364","1383","22","107","5",""
"3480","vetevendosje","2017-06-01","13290","14264","3851","920","6",""
"4369","Aleanca.Official","2017-06-02","535","540","6","11","6",""
"4370","aleancakosovaere","2017-06-02","1775","1784","19","28","15",""
"4371","AlternativaKosova","2017-06-02","176","176","1","1","5",""
"4372","drejtesiaofficial","2017-06-02","98","99","8","13","2",""
"4373","LidhjaDemokratikeeKosovesOFFICIAL","2017-06-02","921","924","10","0","2",""
"4374","nismaperkosoven.official","2017-06-02","280","282","2","3","6",""
"4375","PDKqender","2017-06-02","610","612","1","0","4",""
"4376","vetevendosje","2017-06-02","11286","12609","4859","595","7",""
"5361","drejtesiaofficial","2017-06-05","186","186","3","9","4",""
"5362","AlternativaKosova","2017-06-05","1576","1589","50","33","11",""
"5363","LidhjaDemokratikeeKosovesOFFICIAL","2017-06-05","367","370","7","0","1",""
"5364","Aleanca.Official","2017-06-05","474","475","2","0","4",""
"5365","aleancakosovaere","2017-06-05","2548","2563","47","93","31",""
"5366","vetevendosje","2017-06-05","9229","10164","4184","496","6",""
"5367","PDKqender","2017-06-05","1237","1247","12","11","6",""
"5368","nismaperkosoven.official","2017-06-05","585","590","9","9","5",""
"5377","drejtesiaofficial","2017-06-04","180","187","12","9","6",""
"5378","AlternativaKosova","2017-06-04","981","990","5","7","8",""
"5379","LidhjaDemokratikeeKosovesOFFICIAL","2017-06-04","825","828","14","31","1",""
"5380","Aleanca.Official","2017-06-04","579","581","5","0","5",""
"5381","aleancakosovaere","2017-06-04","1812","1824","34","23","16",""
"5382","vetevendosje","2017-06-04","17550","19237","5987","1874","9",""
"5383","PDKqender","2017-06-04","521","529","6","0","2",""
"5384","nismaperkosoven.official","2017-06-04","458","459","3","8","4",""
"5393","Aleanca.Official","2017-06-03","569","570","7","0","4",""
"5394","aleancakosovaere","2017-06-03","2977","2985","41","44","21",""
"5395","AlternativaKosova","2017-06-03","465","468","6","9","5",""
"5396","drejtesiaofficial","2017-06-03","153","155","3","31","4",""
"5397","LidhjaDemokratikeeKosovesOFFICIAL","2017-06-03","512","514","4","15","1",""
"5398","nismaperkosoven.official","2017-06-03","1384","1387","22","277","16",""
"5399","PDKqender","2017-06-03","823","863","19","0","5",""
"5400","vetevendosje","2017-06-03","8340","9459","5204","627","5",""
"6353","Aleanca.Official","2017-06-09","516","524","14","0","4",""
"6354","aleancakosovaere","2017-06-09","2081","2097","24","58","14",""
"6355","AlternativaKosova","2017-06-09","379","380","7","14","4",""
"6356","drejtesiaofficial","2017-06-09","250","250","4","12","6",""
"6357","LidhjaDemokratikeeKosovesOFFICIAL","2017-06-09","2185","2197","33","37","3",""
"6358","nismaperkosoven.official","2017-06-09","320","321","3","10","3",""
"6359","PDKqender","2017-06-09","4533","4571","41","135","16",""
"6360","vetevendosje","2017-06-09","43303","50399","18543","7070","12",""
"6369","Aleanca.Official","2017-06-08","1359","1371","19","39","9",""
"6370","aleancakosovaere","2017-06-08","2129","2143","24","33","18",""
"6371","AlternativaKosova","2017-06-08","1235","1253","129","36","11",""
"6372","drejtesiaofficial","2017-06-08","105","105","0","8","2",""
"6373","LidhjaDemokratikeeKosovesOFFICIAL","2017-06-08","856","859","10","46","1",""
"6374","nismaperkosoven.official","2017-06-08","90","90","3","0","2",""
"6375","PDKqender","2017-06-08","676","681","14","0","3",""
"6376","vetevendosje","2017-06-08","23148","26063","9061","3259","13",""
"6385","Aleanca.Official","2017-06-07","656","658","0","0","5",""
"6386","aleancakosovaere","2017-06-07","2438","2463","58","52","14",""
"6387","AlternativaKosova","2017-06-07","1266","1271","21","23","10",""
"6388","drejtesiaofficial","2017-06-07","572","582","36","25","4",""
"6389","LidhjaDemokratikeeKosovesOFFICIAL","2017-06-07","3321","3356","67","139","4",""
"6390","nismaperkosoven.official","2017-06-07","429","431","1","1","4",""
"6391","PDKqender","2017-06-07","4424","4535","292","171","2",""
"6392","vetevendosje","2017-06-07","11376","12945","4805","859","7",""
"6401","Aleanca.Official","2017-06-06","1996","2007","16","0","15",""
"6402","aleancakosovaere","2017-06-06","2485","2499","36","106","21",""
"6403","AlternativaKosova","2017-06-06","1172","1180","32","17","8",""
"6404","drejtesiaofficial","2017-06-06","81","81","0","8","2",""
"6405","LidhjaDemokratikeeKosovesOFFICIAL","2017-06-06","2933","2991","92","543","3",""
"6406","nismaperkosoven.official","2017-06-06","4473","4492","60","132","17",""
"6407","PDKqender","2017-06-06","48","48","0","0","1",""
"6408","vetevendosje","2017-06-06","8725","9242","1273","240","7",""
"6849","vetevendosje","2017-06-13","7420","9235","2883","437","2",""
"6850","drejtesiaofficial","2017-06-13","0","0","0","0","0",""
"6851","AlternativaKosova","2017-06-13","0","0","0","0","0",""
"6852","LidhjaDemokratikeeKosovesOFFICIAL","2017-06-13","0","0","0","0","0",""
"6853","Aleanca.Official","2017-06-13","0","0","0","0","0",""
"6854","aleancakosovaere","2017-06-13","0","0","0","0","0",""
"6855","PDKqender","2017-06-13","0","0","0","0","0",""
"6856","nismaperkosoven.official","2017-06-13","0","0","0","0","0",""
"6865","aleancakosovaere","2017-06-12","519","522","10","0","4",""
"6866","AlternativaKosova","2017-06-12","252","252","8","1","1",""
"6867","drejtesiaofficial","2017-06-12","85","85","1","1","3",""
"6868","LidhjaDemokratikeeKosovesOFFICIAL","2017-06-12","707","715","48","7","1",""
"6869","vetevendosje","2017-06-12","2029","2084","37","14","3",""
"6870","Aleanca.Official","2017-06-12","0","0","0","0","0",""
"6871","PDKqender","2017-06-12","0","0","0","0","0",""
"6872","nismaperkosoven.official","2017-06-12","0","0","0","0","0",""
"6881","Aleanca.Official","2017-06-11","271","273","6","0","3",""
"6882","aleancakosovaere","2017-06-11","78","80","0","0","2",""
"6883","nismaperkosoven.official","2017-06-11","314","328","27","13","3",""
"6884","PDKqender","2017-06-11","2429","2535","1178","57","6",""
"6885","vetevendosje","2017-06-11","40681","47779","14969","1843","9",""
"6886","drejtesiaofficial","2017-06-11","0","0","0","0","0",""
"6887","AlternativaKosova","2017-06-11","0","0","0","0","0",""
"6888","LidhjaDemokratikeeKosovesOFFICIAL","2017-06-11","0","0","0","0","0",""
"6897","LidhjaDemokratikeeKosovesOFFICIAL","2017-06-10","326","328","21","23","1",""
"6898","vetevendosje","2017-06-10","10823","11292","284","673","1",""
"6899","drejtesiaofficial","2017-06-10","0","0","0","0","0",""
"6900","AlternativaKosova","2017-06-10","0","0","0","0","0",""
"6901","Aleanca.Official","2017-06-10","0","0","0","0","0",""
"6902","aleancakosovaere","2017-06-10","0","0","0","0","0",""
"6903","PDKqender","2017-06-10","0","0","0","0","0",""
"6904","nismaperkosoven.official","2017-06-10","0","0","0","0","0",""
"6905","Aleanca.Official","2017-10-18","2870","2898","53","147","4",""
"6906","aleancakosovaere","2017-10-18","266","268","4","0","6",""
"6907","AlternativaKosova","2017-10-18","219","220","4","10","2",""
"6908","drejtesiaofficial","2017-10-18","35","35","0","3","2",""
"6909","LidhjaDemokratikeeKosovesOFFICIAL","2017-10-18","1749","1775","38","192","3",""
"6910","nismaperkosoven.official","2017-10-18","153","154","6","6","1",""
"6911","PDKqender","2017-10-18","1498","1504","27","36","3",""
"6912","vetevendosje","2017-10-18","7889","8983","2064","514","10",""
"6921","Aleanca.Official","2017-10-17","2189","2213","49","92","4",""
"6922","aleancakosovaere","2017-10-17","407","409","25","0","3",""
"6923","AlternativaKosova","2017-10-17","435","439","5","20","6",""
"6924","drejtesiaofficial","2017-10-17","37","37","0","2","1",""
"6925","LidhjaDemokratikeeKosovesOFFICIAL","2017-10-17","2626","2801","1051","334","4",""
"6926","PDKqender","2017-10-17","3718","3739","35","34","15",""
"6927","vetevendosje","2017-10-17","6322","7040","1842","535","9",""
"6928","nismaperkosoven.official","2017-10-17","0","0","0","0","0",""
"6937","Aleanca.Official","2017-10-16","3300","3340","209","51","5",""
"6938","aleancakosovaere","2017-10-16","290","290","1","13","8",""
"6939","AlternativaKosova","2017-10-16","332","333","1","5","4",""
"6940","drejtesiaofficial","2017-10-16","121","121","3","2","4",""
"6941","LidhjaDemokratikeeKosovesOFFICIAL","2017-10-16","3172","3280","565","307","4",""
"6942","nismaperkosoven.official","2017-10-16","536","539","8","10","3",""
"6943","PDKqender","2017-10-16","5399","5490","229","76","5",""
"6944","vetevendosje","2017-10-16","7296","8280","2771","494","11",""
"6953","Aleanca.Official","2017-10-15","710","714","6","9","1",""
"6954","aleancakosovaere","2017-10-15","129","129","5","0","2",""
"6955","AlternativaKosova","2017-10-15","36","36","0","1","1",""
"6956","drejtesiaofficial","2017-10-15","105","105","0","29","3",""
"6957","LidhjaDemokratikeeKosovesOFFICIAL","2017-10-15","1733","1834","619","155","3",""
"6958","nismaperkosoven.official","2017-10-15","388","394","21","15","2",""
"6959","PDKqender","2017-10-15","2249","2258","28","13","6",""
"6960","vetevendosje","2017-10-15","5414","6114","1787","361","8",""
"6969","Aleanca.Official","2017-10-14","2402","2458","162","80","3",""
"6970","aleancakosovaere","2017-10-14","310","310","4","0","4",""
"6971","AlternativaKosova","2017-10-14","81","82","0","1","2",""
"6972","drejtesiaofficial","2017-10-14","19","19","0","2","1",""
"6973","LidhjaDemokratikeeKosovesOFFICIAL","2017-10-14","1967","2047","498","133","3",""
"6974","nismaperkosoven.official","2017-10-14","124","125","6","6","1",""
"6975","PDKqender","2017-10-14","1797","1807","6","25","4",""
"6976","vetevendosje","2017-10-14","5634","6331","2092","374","9",""
"6985","Aleanca.Official","2017-10-13","2562","2603","55","65","3",""
"6986","aleancakosovaere","2017-10-13","311","312","8","6","5",""
"6987","AlternativaKosova","2017-10-13","31","31","0","0","1",""
"6988","drejtesiaofficial","2017-10-13","27","27","0","3","1",""
"6989","LidhjaDemokratikeeKosovesOFFICIAL","2017-10-13","538","541","12","4","2",""
"6990","nismaperkosoven.official","2017-10-13","143","146","2","4","1",""
"6991","PDKqender","2017-10-13","1816","1829","9","175","6",""
"6992","vetevendosje","2017-10-13","8329","8716","503","729","9",""
"7001","Aleanca.Official","2017-10-12","1552","1564","19","16","2",""
"7002","aleancakosovaere","2017-10-12","806","813","63","4","9",""
"7003","AlternativaKosova","2017-10-12","270","273","3","23","4",""
"7004","LidhjaDemokratikeeKosovesOFFICIAL","2017-10-12","683","715","128","25","2",""
"7005","nismaperkosoven.official","2017-10-12","673","682","25","33","3",""
"7006","PDKqender","2017-10-12","1800","1822","38","187","4",""
"7007","vetevendosje","2017-10-12","2313","2431","233","160","7",""
"7008","drejtesiaofficial","2017-10-12","0","0","0","0","0",""
"7017","Aleanca.Official","2017-10-11","1376","1382","4","33","3",""
"7018","aleancakosovaere","2017-10-11","803","804","13","29","10",""
"7019","AlternativaKosova","2017-10-11","36","36","0","1","1",""
"7020","drejtesiaofficial","2017-10-11","30","30","1","4","1",""
"7021","LidhjaDemokratikeeKosovesOFFICIAL","2017-10-11","953","972","15","142","4",""
"7022","nismaperkosoven.official","2017-10-11","521","526","15","21","4",""
"7023","PDKqender","2017-10-11","344","346","0","0","2",""
"7024","vetevendosje","2017-10-11","3557","3722","343","237","9",""
"7033","Aleanca.Official","2017-10-10","389","390","9","8","2",""
"7034","aleancakosovaere","2017-10-10","249","250","0","10","3",""
"7035","AlternativaKosova","2017-10-10","107","107","0","11","2",""
"7036","drejtesiaofficial","2017-10-10","57","57","2","8","3",""
"7037","LidhjaDemokratikeeKosovesOFFICIAL","2017-10-10","808","810","20","15","2",""
"7038","nismaperkosoven.official","2017-10-10","173","173","2","0","2",""
"7039","PDKqender","2017-10-10","651","656","9","6","4",""
"7040","vetevendosje","2017-10-10","4313","4543","439","211","7",""
"7049","Aleanca.Official","2017-10-09","1378","1389","16","19","3",""
"7050","aleancakosovaere","2017-10-09","816","822","37","10","8",""
"7051","AlternativaKosova","2017-10-09","175","178","4","3","3",""
"7052","LidhjaDemokratikeeKosovesOFFICIAL","2017-10-09","296","299","2","4","2",""
"7053","nismaperkosoven.official","2017-10-09","217","217","2","12","2",""
"7054","PDKqender","2017-10-09","1085","1087","8","6","5",""
"7055","vetevendosje","2017-10-09","2560","2678","253","90","7",""
"7056","drejtesiaofficial","2017-10-09","0","0","0","0","0",""
"7065","Aleanca.Official","2017-10-08","2081","2132","271","126","2",""
"7066","aleancakosovaere","2017-10-08","376","377","9","8","4",""
"7067","AlternativaKosova","2017-10-08","268","269","1","7","3",""
"7068","drejtesiaofficial","2017-10-08","48","48","1","3","3",""
"7069","LidhjaDemokratikeeKosovesOFFICIAL","2017-10-08","230","232","9","7","1",""
"7070","nismaperkosoven.official","2017-10-08","191","197","22","12","1",""
"7071","PDKqender","2017-10-08","1291","1293","10","7","4",""
"7072","vetevendosje","2017-10-08","4030","4410","607","397","5",""
"7081","Aleanca.Official","2017-10-07","2605","2614","46","29","4",""
"7082","aleancakosovaere","2017-10-07","484","487","8","18","6",""
"7083","AlternativaKosova","2017-10-07","40","40","0","1","1",""
"7084","drejtesiaofficial","2017-10-07","36","36","0","5","1",""
"7085","LidhjaDemokratikeeKosovesOFFICIAL","2017-10-07","483","485","7","89","2",""
"7086","nismaperkosoven.official","2017-10-07","279","281","7","3","2",""
"7087","PDKqender","2017-10-07","1088","1088","11","13","3",""
"7088","vetevendosje","2017-10-07","1985","2433","1136","166","4",""
"7097","Aleanca.Official","2017-10-06","3081","3132","46","419","1",""
"7098","aleancakosovaere","2017-10-06","302","303","6","2","8",""
"7099","AlternativaKosova","2017-10-06","305","306","0","3","5",""
"7100","drejtesiaofficial","2017-10-06","85","85","1","6","2",""
"7101","LidhjaDemokratikeeKosovesOFFICIAL","2017-10-06","795","809","38","80","3",""
"7102","nismaperkosoven.official","2017-10-06","1570","1573","26","8","6",""
"7103","PDKqender","2017-10-06","1218","1220","1","9","4",""
"7104","vetevendosje","2017-10-06","2460","2687","330","154","5",""
"7113","Aleanca.Official","2017-10-05","1767","1780","19","39","4",""
"7114","aleancakosovaere","2017-10-05","315","315","6","3","6",""
"7115","AlternativaKosova","2017-10-05","121","121","0","4","2",""
"7116","LidhjaDemokratikeeKosovesOFFICIAL","2017-10-05","676","683","30","150","2",""
"7117","nismaperkosoven.official","2017-10-05","237","237","1","11","1",""
"7118","PDKqender","2017-10-05","357","358","2","4","1",""
"7119","vetevendosje","2017-10-05","2355","2514","347","160","5",""
"7120","drejtesiaofficial","2017-10-05","0","0","0","0","0",""
"7129","Aleanca.Official","2017-10-04","705","706","3","5","2",""
"7130","aleancakosovaere","2017-10-04","543","545","16","34","9",""
"7131","AlternativaKosova","2017-10-04","507","509","5","6","4",""
"7132","LidhjaDemokratikeeKosovesOFFICIAL","2017-10-04","162","164","2","4","1",""
"7133","nismaperkosoven.official","2017-10-04","238","238","3","4","3",""
"7134","PDKqender","2017-10-04","662","663","1","1","3",""
"7135","vetevendosje","2017-10-04","4259","4488","517","105","5",""
"7136","drejtesiaofficial","2017-10-04","0","0","0","0","0",""
"7145","Aleanca.Official","2017-10-03","725","729","13","147","2",""
"7146","aleancakosovaere","2017-10-03","532","534","9","6","5",""
"7147","AlternativaKosova","2017-10-03","681","684","8","27","6",""
"7148","drejtesiaofficial","2017-10-03","25","25","0","0","1",""
"7149","LidhjaDemokratikeeKosovesOFFICIAL","2017-10-03","753","761","19","69","3",""
"7150","nismaperkosoven.official","2017-10-03","1343","1351","34","110","4",""
"7151","PDKqender","2017-10-03","1024","1033","13","39","3",""
"7152","vetevendosje","2017-10-03","4940","5144","323","257","5",""
"7161","aleancakosovaere","2017-10-02","433","437","5","4","8",""
"7162","AlternativaKosova","2017-10-02","374","380","4","6","5",""
"7163","drejtesiaofficial","2017-10-02","180","182","4","12","6",""
"7164","LidhjaDemokratikeeKosovesOFFICIAL","2017-10-02","468","473","13","36","2",""
"7165","nismaperkosoven.official","2017-10-02","544","545","17","29","5",""
"7166","PDKqender","2017-10-02","1557","1569","20","58","2",""
"7167","vetevendosje","2017-10-02","5069","5434","785","249","5",""
"7168","Aleanca.Official","2017-10-02","0","0","0","0","0",""
"7177","Aleanca.Official","2017-10-01","1819","1826","11","28","2",""
"7178","aleancakosovaere","2017-10-01","489","492","88","21","7",""
"7179","AlternativaKosova","2017-10-01","53","53","0","1","1",""
"7180","drejtesiaofficial","2017-10-01","74","74","1","2","3",""
"7181","LidhjaDemokratikeeKosovesOFFICIAL","2017-10-01","89","90","1","2","1",""
"7182","nismaperkosoven.official","2017-10-01","629","634","20","19","4",""
"7183","PDKqender","2017-10-01","869","878","1","10","3",""
"7184","vetevendosje","2017-10-01","4935","5445","1071","230","6",""
"7193","Aleanca.Official","2017-09-30","1950","1954","11","22","4",""
"7194","aleancakosovaere","2017-09-30","562","564","18","6","4",""
"7195","LidhjaDemokratikeeKosovesOFFICIAL","2017-09-30","784","791","20","12","3",""
"7196","nismaperkosoven.official","2017-09-30","1111","1115","23","68","9",""
"7197","PDKqender","2017-09-30","219","222","0","0","1",""
"7198","vetevendosje","2017-09-30","4879","5383","1114","207","6",""
"7199","drejtesiaofficial","2017-09-30","0","0","0","0","0",""
"7200","AlternativaKosova","2017-09-30","0","0","0","0","0",""
"7209","Aleanca.Official","2017-09-29","485","488","1","6","1",""
"7210","aleancakosovaere","2017-09-29","406","409","6","2","6",""
"7211","AlternativaKosova","2017-09-29","410","456","54","37","4",""
"7212","LidhjaDemokratikeeKosovesOFFICIAL","2017-09-29","1145","1168","57","36","2",""
"7213","nismaperkosoven.official","2017-09-29","627","632","70","46","5",""
"7214","PDKqender","2017-09-29","1152","1154","1","9","4",""
"7215","vetevendosje","2017-09-29","10311","11047","1768","340","7",""
"7216","drejtesiaofficial","2017-09-29","0","0","0","0","0",""
"7225","Aleanca.Official","2017-09-28","517","517","2","7","1",""
"7226","aleancakosovaere","2017-09-28","833","835","12","1","15",""
"7227","AlternativaKosova","2017-09-28","68","68","0","1","2",""
"7228","drejtesiaofficial","2017-09-28","78","78","1","8","3",""
"7229","LidhjaDemokratikeeKosovesOFFICIAL","2017-09-28","955","977","87","41","3",""
"7230","nismaperkosoven.official","2017-09-28","584","588","20","14","5",""
"7231","vetevendosje","2017-09-28","4256","4713","1019","209","3",""
"7232","PDKqender","2017-09-28","0","0","0","0","0",""
"7241","aleancakosovaere","2017-09-27","429","430","20","4","6",""
"7242","AlternativaKosova","2017-09-27","58","58","1","1","1",""
"7243","drejtesiaofficial","2017-09-27","46","47","0","2","2",""
"7244","LidhjaDemokratikeeKosovesOFFICIAL","2017-09-27","878","884","22","14","4",""
"7245","nismaperkosoven.official","2017-09-27","494","496","2","21","7",""
"7246","PDKqender","2017-09-27","1361","1366","7","9","4",""
"7247","vetevendosje","2017-09-27","3230","3626","773","188","4",""
"7248","Aleanca.Official","2017-09-27","0","0","0","0","0",""
"7257","Aleanca.Official","2017-09-26","1777","1783","15","32","2",""
"7258","aleancakosovaere","2017-09-26","360","360","7","1","6",""
"7259","AlternativaKosova","2017-09-26","378","385","17","17","2",""
"7260","LidhjaDemokratikeeKosovesOFFICIAL","2017-09-26","1293","1338","222","90","3",""
"7261","nismaperkosoven.official","2017-09-26","415","417","16","18","4",""
"7262","PDKqender","2017-09-26","949","949","6","1","4",""
"7263","vetevendosje","2017-09-26","3114","3457","518","136","4",""
"7264","drejtesiaofficial","2017-09-26","0","0","0","0","0",""
"7273","Aleanca.Official","2017-09-25","0","0","0","0","0",""
"7274","aleancakosovaere","2017-09-25","0","0","0","0","0",""
"7275","AlternativaKosova","2017-09-25","0","0","0","0","0",""
"7276","drejtesiaofficial","2017-09-25","0","0","0","0","0",""
"7277","LidhjaDemokratikeeKosovesOFFICIAL","2017-09-25","0","0","0","0","0",""
"7278","nismaperkosoven.official","2017-09-25","0","0","0","0","0",""
"7279","PDKqender","2017-09-25","0","0","0","0","0",""
"7280","vetevendosje","2017-09-25","0","0","0","0","0",""
"7289","Aleanca.Official","2017-09-24","1971","1991","18","110","2",""
"7290","aleancakosovaere","2017-09-24","168","168","4","0","2",""
"7291","AlternativaKosova","2017-09-24","182","203","92","57","1",""
"7292","drejtesiaofficial","2017-09-24","48","48","1","13","2",""
"7293","LidhjaDemokratikeeKosovesOFFICIAL","2017-09-24","291","292","4","0","1",""
"7294","nismaperkosoven.official","2017-09-24","1681","1697","77","115","6",""
"7295","vetevendosje","2017-09-24","5958","6677","1647","421","5",""
"7296","PDKqender","2017-09-24","0","0","0","0","0",""
"7305","Aleanca.Official","2017-09-23","3485","3560","278","130","3",""
"7306","aleancakosovaere","2017-09-23","549","551","14","1","9",""
"7307","drejtesiaofficial","2017-09-23","41","41","0","5","2",""
"7308","LidhjaDemokratikeeKosovesOFFICIAL","2017-09-23","1752","1764","30","162","6",""
"7309","nismaperkosoven.official","2017-09-23","635","635","5","8","3",""
"7310","vetevendosje","2017-09-23","3991","4385","1033","136","4",""
"7311","AlternativaKosova","2017-09-23","0","0","0","0","0",""
"7312","PDKqender","2017-09-23","0","0","0","0","0",""
"7321","Aleanca.Official","2017-09-22","958","966","2","16","3",""
"7322","aleancakosovaere","2017-09-22","524","525","11","7","7",""
"7323","AlternativaKosova","2017-09-22","429","432","4","36","3",""
"7324","LidhjaDemokratikeeKosovesOFFICIAL","2017-09-22","1583","1598","56","57","3",""
"7325","nismaperkosoven.official","2017-09-22","470","488","59","29","3",""
"7326","vetevendosje","2017-09-22","8685","9494","1674","322","8",""
"7327","drejtesiaofficial","2017-09-22","0","0","0","0","0",""
"7328","PDKqender","2017-09-22","0","0","0","0","0",""
"7337","Aleanca.Official","2017-09-21","618","618","5","13","2",""
"7338","aleancakosovaere","2017-09-21","975","980","38","2","12",""
"7339","drejtesiaofficial","2017-09-21","328","330","40","61","7",""
"7340","LidhjaDemokratikeeKosovesOFFICIAL","2017-09-21","1861","1925","300","50","7",""
"7341","PDKqender","2017-09-21","1222","1230","1","33","4",""
"7342","vetevendosje","2017-09-21","14366","15978","3151","862","11",""
"7343","AlternativaKosova","2017-09-21","0","0","0","0","0",""
"7344","nismaperkosoven.official","2017-09-21","0","0","0","0","0",""
"7353","aleancakosovaere","2017-09-20","274","275","8","0","4",""
"7354","drejtesiaofficial","2017-09-20","69","70","0","5","2",""
"7355","LidhjaDemokratikeeKosovesOFFICIAL","2017-09-20","493","498","10","74","1",""
"7356","nismaperkosoven.official","2017-09-20","201","202","2","9","3",""
"7357","PDKqender","2017-09-20","815","819","23","30","4",""
"7358","vetevendosje","2017-09-20","1340","1374","33","115","2",""
"7359","AlternativaKosova","2017-09-20","0","0","0","0","0",""
"7360","Aleanca.Official","2017-09-20","0","0","0","0","0",""
"7369","aleancakosovaere","2017-09-19","623","624","15","0","7",""
"7370","AlternativaKosova","2017-09-19","48","48","0","1","1",""
"7371","drejtesiaofficial","2017-09-19","54","54","1","0","1",""
"7372","LidhjaDemokratikeeKosovesOFFICIAL","2017-09-19","225","227","2","3","1",""
"7373","nismaperkosoven.official","2017-09-19","137","137","2","13","1",""
"7374","vetevendosje","2017-09-19","386","390","8","18","1",""
"7375","Aleanca.Official","2017-09-19","0","0","0","0","0",""
"7376","PDKqender","2017-09-19","0","0","0","0","0",""
"7385","drejtesiaofficial","2017-09-18","0","0","0","0","0",""
"7386","AlternativaKosova","2017-09-18","0","0","0","0","0",""
"7387","LidhjaDemokratikeeKosovesOFFICIAL","2017-09-18","0","0","0","0","0",""
"7388","Aleanca.Official","2017-09-18","0","0","0","0","0",""
"7389","aleancakosovaere","2017-09-18","0","0","0","0","0",""
"7390","vetevendosje","2017-09-18","0","0","0","0","0",""
"7391","PDKqender","2017-09-18","0","0","0","0","0",""
"7392","nismaperkosoven.official","2017-09-18","0","0","0","0","0",""
"7401","Aleanca.Official","2017-10-19","1062","1080","86","48","3",""
"7402","aleancakosovaere","2017-10-19","597","599","13","14","5",""
"7403","AlternativaKosova","2017-10-19","216","218","13","16","3",""
"7404","LidhjaDemokratikeeKosovesOFFICIAL","2017-10-19","2360","2508","938","185","5",""
"7405","nismaperkosoven.official","2017-10-19","529","537","22","36","2",""
"7406","PDKqender","2017-10-19","1570","1580","13","30","5",""
"7407","vetevendosje","2017-10-19","7523","8678","3323","501","9",""
"7408","drejtesiaofficial","2017-10-19","0","0","0","0","0",""
"7409","aleancakosovaere","2017-10-23","148","148","0","1","1",""
"7410","nismaperkosoven.official","2017-10-23","155","156","2","0","2",""
"7411","vetevendosje","2017-10-23","910","922","21","6","1",""
"7412","drejtesiaofficial","2017-10-23","0","0","0","0","0",""
"7413","AlternativaKosova","2017-10-23","0","0","0","0","0",""
"7414","LidhjaDemokratikeeKosovesOFFICIAL","2017-10-23","0","0","0","0","0",""
"7415","Aleanca.Official","2017-10-23","0","0","0","0","0",""
"7416","PDKqender","2017-10-23","0","0","0","0","0",""
"7425","aleancakosovaere","2017-10-22","102","103","3","0","1",""
"7426","drejtesiaofficial","2017-10-22","132","132","7","6","6",""
"7427","LidhjaDemokratikeeKosovesOFFICIAL","2017-10-22","1161","1168","31","9","3",""
"7428","nismaperkosoven.official","2017-10-22","596","600","11","21","7",""
"7429","PDKqender","2017-10-22","1066","1072","20","0","2",""
"7430","vetevendosje","2017-10-22","7456","9266","3457","215","5",""
"7431","AlternativaKosova","2017-10-22","0","0","0","0","0",""
"7432","Aleanca.Official","2017-10-22","0","0","0","0","0",""
"7441","drejtesiaofficial","2017-10-21","0","0","0","0","0",""
"7442","AlternativaKosova","2017-10-21","0","0","0","0","0",""
"7443","LidhjaDemokratikeeKosovesOFFICIAL","2017-10-21","0","0","0","0","0",""
"7444","Aleanca.Official","2017-10-21","0","0","0","0","0",""
"7445","aleancakosovaere","2017-10-21","0","0","0","0","0",""
"7446","vetevendosje","2017-10-21","0","0","0","0","0",""
"7447","PDKqender","2017-10-21","0","0","0","0","0",""
"7448","nismaperkosoven.official","2017-10-21","0","0","0","0","0",""
"7457","Aleanca.Official","2017-10-20","5737","5832","437","223","14",""
"7458","aleancakosovaere","2017-10-20","1595","1601","33","93","17",""
"7459","AlternativaKosova","2017-10-20","964","1022","70","36","8",""
"7460","drejtesiaofficial","2017-10-20","234","234","2","12","14",""
"7461","LidhjaDemokratikeeKosovesOFFICIAL","2017-10-20","1358","1546","1463","223","1",""
"7462","nismaperkosoven.official","2017-10-20","268","272","5","30","1",""
"7463","PDKqender","2017-10-20","2483","2502","30","19","7",""
"7464","vetevendosje","2017-10-20","10565","12984","5169","1143","8",""
"7905","aleancakosovaere","2017-10-25","153","153","3","0","3",""
"7906","PDKqender","2017-10-25","3553","3612","436","516","3",""
"7907","vetevendosje","2017-10-25","1908","1947","74","31","3",""
"7908","drejtesiaofficial","2017-10-25","0","0","0","0","0",""
"7909","AlternativaKosova","2017-10-25","0","0","0","0","0",""
"7910","LidhjaDemokratikeeKosovesOFFICIAL","2017-10-25","0","0","0","0","0",""
"7911","Aleanca.Official","2017-10-25","0","0","0","0","0",""
"7912","nismaperkosoven.official","2017-10-25","0","0","0","0","0",""
"7921","aleancakosovaere","2017-10-24","189","189","3","4","3",""
"7922","AlternativaKosova","2017-10-24","71","71","1","2","1",""
"7923","nismaperkosoven.official","2017-10-24","86","86","0","5","1",""
"7924","vetevendosje","2017-10-24","440","446","5","3","2",""
"7925","drejtesiaofficial","2017-10-24","0","0","0","0","0",""
"7926","LidhjaDemokratikeeKosovesOFFICIAL","2017-10-24","0","0","0","0","0",""
"7927","Aleanca.Official","2017-10-24","0","0","0","0","0",""
"7928","PDKqender","2017-10-24","0","0","0","0","0",""
"8897","aleancakosovaere","2017-10-31","46","46","3","0","3",""
"8898","AlternativaKosova","2017-10-31","54","55","0","2","2",""
"8899","LidhjaDemokratikeeKosovesOFFICIAL","2017-10-31","1143","1147","25","8","5",""
"8900","nismaperkosoven.official","2017-10-31","77","77","1","0","1",""
"8901","vetevendosje","2017-10-31","245","251","23","56","1",""
"8902","drejtesiaofficial","2017-10-31","0","0","0","0","0",""
"8903","Aleanca.Official","2017-10-31","0","0","0","0","0",""
"8904","PDKqender","2017-10-31","0","0","0","0","0",""
"8913","aleancakosovaere","2017-10-30","54","54","1","0","1",""
"8914","LidhjaDemokratikeeKosovesOFFICIAL","2017-10-30","461","466","14","9","2",""
"8915","drejtesiaofficial","2017-10-30","0","0","0","0","0",""
"8916","AlternativaKosova","2017-10-30","0","0","0","0","0",""
"8917","Aleanca.Official","2017-10-30","0","0","0","0","0",""
"8918","vetevendosje","2017-10-30","0","0","0","0","0",""
"8919","PDKqender","2017-10-30","0","0","0","0","0",""
"8920","nismaperkosoven.official","2017-10-30","0","0","0","0","0",""
"8929","vetevendosje","2017-10-29","1444","1676","645","107","2",""
"8930","drejtesiaofficial","2017-10-29","0","0","0","0","0",""
"8931","AlternativaKosova","2017-10-29","0","0","0","0","0",""
"8932","LidhjaDemokratikeeKosovesOFFICIAL","2017-10-29","0","0","0","0","0",""
"8933","Aleanca.Official","2017-10-29","0","0","0","0","0",""
"8934","aleancakosovaere","2017-10-29","0","0","0","0","0",""
"8935","PDKqender","2017-10-29","0","0","0","0","0",""
"8936","nismaperkosoven.official","2017-10-29","0","0","0","0","0",""
"8945","aleancakosovaere","2017-10-28","132","134","1","0","3",""
"8946","PDKqender","2017-10-28","116","116","2","0","1",""
"8947","drejtesiaofficial","2017-10-28","0","0","0","0","0",""
"8948","AlternativaKosova","2017-10-28","0","0","0","0","0",""
"8949","LidhjaDemokratikeeKosovesOFFICIAL","2017-10-28","0","0","0","0","0",""
"8950","Aleanca.Official","2017-10-28","0","0","0","0","0",""
"8951","vetevendosje","2017-10-28","0","0","0","0","0",""
"8952","nismaperkosoven.official","2017-10-28","0","0","0","0","0",""
"8961","aleancakosovaere","2017-10-27","155","155","3","0","3",""
"8962","AlternativaKosova","2017-10-27","42","42","0","2","1",""
"8963","LidhjaDemokratikeeKosovesOFFICIAL","2017-10-27","1611","1621","65","50","3",""
"8964","drejtesiaofficial","2017-10-27","0","0","0","0","0",""
"8965","Aleanca.Official","2017-10-27","0","0","0","0","0",""
"8966","vetevendosje","2017-10-27","0","0","0","0","0",""
"8967","PDKqender","2017-10-27","0","0","0","0","0",""
"8968","nismaperkosoven.official","2017-10-27","0","0","0","0","0",""
"8977","aleancakosovaere","2017-10-26","101","101","1","0","2",""
"8978","AlternativaKosova","2017-10-26","292","298","14","11","3",""
"8979","LidhjaDemokratikeeKosovesOFFICIAL","2017-10-26","169","171","5","5","1",""
"8980","vetevendosje","2017-10-26","662","679","8","8","1",""
"8981","drejtesiaofficial","2017-10-26","0","0","0","0","0",""
"8982","Aleanca.Official","2017-10-26","0","0","0","0","0",""
"8983","PDKqender","2017-10-26","0","0","0","0","0",""
"8984","nismaperkosoven.official","2017-10-26","0","0","0","0","0",""
"9889","aleancakosovaere","2017-11-05","40","40","1","3","1",""
"9890","LidhjaDemokratikeeKosovesOFFICIAL","2017-11-05","216","219","0","1","1",""
"9891","nismaperkosoven.official","2017-11-05","22","23","0","0","1",""
"9892","vetevendosje","2017-11-05","3651","4337","475","211","4",""
"9893","drejtesiaofficial","2017-11-05","0","0","0","0","0",""
"9894","AlternativaKosova","2017-11-05","0","0","0","0","0",""
"9895","Aleanca.Official","2017-11-05","0","0","0","0","0",""
"9896","PDKqender","2017-11-05","0","0","0","0","0",""
"9905","LidhjaDemokratikeeKosovesOFFICIAL","2017-11-04","211","211","7","0","1",""
"9906","PDKqender","2017-11-04","169","170","0","0","2",""
"9907","vetevendosje","2017-11-04","1624","2029","277","304","2",""
"9908","drejtesiaofficial","2017-11-04","0","0","0","0","0",""
"9909","AlternativaKosova","2017-11-04","0","0","0","0","0",""
"9910","Aleanca.Official","2017-11-04","0","0","0","0","0",""
"9911","aleancakosovaere","2017-11-04","0","0","0","0","0",""
"9912","nismaperkosoven.official","2017-11-04","0","0","0","0","0",""
"9921","aleancakosovaere","2017-11-03","49","49","1","0","2",""
"9922","drejtesiaofficial","2017-11-03","7","7","0","3","1",""
"9923","LidhjaDemokratikeeKosovesOFFICIAL","2017-11-03","663","665","12","35","3",""
"9924","PDKqender","2017-11-03","187","188","5","0","2",""
"9925","vetevendosje","2017-11-03","786","879","25","0","1",""
"9926","AlternativaKosova","2017-11-03","0","0","0","0","0",""
"9927","Aleanca.Official","2017-11-03","0","0","0","0","0",""
"9928","nismaperkosoven.official","2017-11-03","0","0","0","0","0",""
"9937","aleancakosovaere","2017-11-02","61","61","1","0","3",""
"9938","AlternativaKosova","2017-11-02","49","51","0","0","2",""
"9939","LidhjaDemokratikeeKosovesOFFICIAL","2017-11-02","698","698","18","11","3",""
"9940","vetevendosje","2017-11-02","2001","2074","49","110","3",""
"9941","drejtesiaofficial","2017-11-02","0","0","0","0","0",""
"9942","Aleanca.Official","2017-11-02","0","0","0","0","0",""
"9943","PDKqender","2017-11-02","0","0","0","0","0",""
"9944","nismaperkosoven.official","2017-11-02","0","0","0","0","0",""
"9953","aleancakosovaere","2017-11-01","81","82","1","0","3",""
"9954","drejtesiaofficial","2017-11-01","9","11","0","1","1",""
"9955","LidhjaDemokratikeeKosovesOFFICIAL","2017-11-01","779","780","20","32","3",""
"9956","PDKqender","2017-11-01","125","126","0","0","1",""
"9957","vetevendosje","2017-11-01","1408","1440","50","31","3",""
"9958","AlternativaKosova","2017-11-01","0","0","0","0","0",""
"9959","Aleanca.Official","2017-11-01","0","0","0","0","0",""
"9960","nismaperkosoven.official","2017-11-01","0","0","0","0","0",""
